article_id,title
0,Stratford-upon-Avon
1,"Dakota, Minnesota and Eastern Railroad"
2,Miguel de Cervantes
3,David Hume
4,Marvin Gaye
5,Claudius
6,Space suit
7,Porto-Novo
8,Mistle Thrush
9,Edmond Halley
10,Anton Alexander von Werner
11,Rupee
12,Andy Warhol
13,Clothing
14,The Magic Flute
15,Manganese
16,Brute force attack
17,Hadrian's Wall
18,Charlotte's Web
19,Adriaen van der Donck
20,Climate
21,Henry Moore
22,Pink Pigeon
23,Jurassic
24,New Delhi
25,Skåneland
26,History of education
27,Dysprosium
28,Red rain in Kerala
29,Sand shark
30,Giza pyramid complex
31,Labor Day Hurricane of 1935
32,Hamburg
33,Lake Albert
34,Directdebit
35,Rhythm and blues
36,Africa
37,Binary star
38,Environmental science
39,Edmund Hillary
40,Tenzing Norgay
41,Elizabeth I of England
42,Flag of the Republic of China
43,Philately
44,Magnesium
45,Government of France
46,Photography
47,Chadian-Sudanese conflict
48,Plymouth
49,South Georgia and the South Sandwich Islands
50,Animal
51,Turtle
52,Aardvark
53,Elementary group theory
54,Actuary
55,Monarchy
56,Arsenal F.C.
57,Zebra
58,Templon
59,Olmec
60,Arthur Ernest Percival
61,Plant
62,Collapse of the World Trade Center
63,England expects that every man will do his duty
64,Bill Clinton
65,Zeus
66,Spanish conquest of the Inca Empire
67,Civilization (computer game)
68,Scent of a Woman
69,Crystal
70,BBC
71,Land (economics)
72,Mount Baker
73,Firearm
74,Snake charming
75,Henry Fonda
76,Astrophysics Data System
77,Virus
78,Film
79,Engineering
80,Cheese
81,Mountain Gorilla
82,Star Wars
83,Architecture of Windows NT
84,Allosaurus
85,Timken 1111
86,North Sea flood of 1953
87,United States Congress
88,Hurricane John (2006)
89,"Los Angeles, California"
90,Cryptography
91,Carrot
92,Crustacean
93,Malta
94,Whitethroat
95,Matter
96,Timur
97,Elephant shrew
98,Assyria
99,Clone Wars (Star Wars)
100,Guyana
101,Heron
102,"Goleta, California"
103,Yangtze River
104,Sputnik program
105,Nepenthes rajah
106,"Minneapolis, Minnesota"
107,Bermuda
108,Mining
109,Democracy
110,Maize
111,Election
112,Volt
113,Potassium
114,Mixed-breed dog
115,Galveston Hurricane of 1900
116,Dál Riata
117,Physical paradox
118,Water resources
119,Liverpool F.C.
120,Music of the trecento
121,Harold Wilson
122,Lavender
123,Roman mythology
124,Canaletto
125,Zulu
126,Martello tower
127,Cyril Clarke
128,Kuru (disease)
129,Grenada
130,Johnston Atoll
131,S. A. Andrée's Arctic balloon expedition of 1897
132,Saurischia
133,Star Fox  Assault
134,EastEnders
135,Pumpkin
136,Optical microscope
137,Mauna Loa
138,Trigonometry
139,Millard Fillmore
140,Boyle Roche
141,Ragtime
142,Hollandic
143,Fugu
144,Duran Duran
145,Drinking water
146,Order of Canada
147,Annibale Bugnini
148,Hawfinch
149,Pope
150,Diego Garcia
151,John Logie Baird
152,Great Moravia
153,Geography of India
154,Daniel Ellsberg
155,Caravaggio
156,Edward VI of England
157,Pyotr Ilyich Tchaikovsky
158,Employment
159,Genoa
160,Lothal
161,Topology
162,Beryllium
163,Mark Antony
164,History of Puerto Rico
165,Cambodia
166,Tim Henman
167,Microsoft
168,Canadian football
169,Whooping Crane
170,Flower
171,History of Central Asia
172,Niger River
173,Natural selection
174,River
175,Whale
176,Magpie
177,Georg von Boeselager
178,Johannesburg
179,Iodine
180,Gerald Ford
181,Aruba
182,Blue Tit
183,Women's rights
184,Karikkoselkä
185,Bourbonnais train accident
186,Leisure
187,Douglas DC-4
188,Mole (animal)
189,Mecca
190,Guinea
191,Edible salt
192,Haiti
193,Archaeology
194,Aircraft
195,Honey
196,Edema
197,Attalus I
198,Frederick II of Prussia
199,Blue Peter
200,Ozone depletion
201,Umbrella Cockatoo
202,Physical science
203,Minstrel show
204,Fanny Blankers-Koen
205,Comet
206,Sorghum
207,Eskimo
208,George IV of the United Kingdom
209,Danube
210,Edward III of England
211,Emu
212,David Helvarg
213,Jupiter
214,Shigin
215,Vampire bat
216,Roman road
217,Bench language
218,Sparrow
219,Snowdonia
220,Lighthouse of Alexandria
221,Arithmetic
222,Longship
223,Mir
224,Trobairitz
225,Winfield Scott Hancock
226,Caspian Sea
227,Barn Owl
228,Order of the Garter
229,Marcus Allen
230,Education in the United States
231,Red dwarf
232,Algerian Civil War
233,Latvia
234,Computer
235,Indium
236,Copenhagen
237,United States
238,Olympic Games
239,Overseas Railroad
240,Trapdoor spider
241,Robert Boyle
242,Gaur
243,Darfur conflict
244,Damascus steel
245,Military history of France
246,Devonian
247,Anna Karenina
248,Universe
249,Rhodium(III) chloride
250,London Bridge
251,Radar
252,George I of Great Britain
253,Tellurium
254,John of England
255,Information
256,Canadian English
257,Aristarchus (crater)
258,Leif Ericson
259,Abacá
260,Peter Paul Rubens
261,Dice
262,University
263,China
264,13th century
265,Ukraine
266,Edward VIII of the United Kingdom
267,Forth
268,Francium
269,Train
270,Music of Trinidad and Tobago
271,Local community
272,Rhode Island
273,Jyllands-Posten Muhammad cartoons controversy
274,Corporate finance
275,Sunflower
276,Theatre
277,3rd century
278,Protoceratops
279,Mustard plant
280,Yagan
281,Tamil language
282,Harrier Hawk
283,History of Russia
284,Belgium
285,New York City Subway nomenclature
286,Barbara McClintock
287,Algol
288,Batholith
289,Samoa
290,Mahjong
291,Davy Jones' Locker
292,Inca Empire
293,Fresh water
294,Dennis Ritchie
295,Julius Caesar
296,Afrikaans
297,Hebrew language
298,Tagoi language
299,Able Archer 83
300,Polonium
301,Windows Vista
302,Italian Renaissance
303,Rosemary
304,Monaco Grand Prix
305,Triceratops
306,Coal Tit
307,Earth
308,Upsilon Andromedae d
309,John Flamsteed
310,Airbus
311,Order of the Thistle
312,Cave
313,David Cameron
314,Battles of the Mexican-American War
315,Egypt
316,Robinson Crusoe
317,Qur'an
318,Porgy and Bess
319,Britney Spears
320,Definition of planet
321,Hurricane Danny (1997)
322,Second Crusade
323,Rice
324,Sandy Koufax
325,All You Need Is Love (The JAMs song)
326,F-35 Lightning II
327,Eurovision Song Contest
328,Serbia and Montenegro
329,History of science
330,Ajax (programming)
331,Weimar Republic
332,Sistine Chapel ceiling
333,Boston RFC
334,Atlantic herring
335,Popular culture studies
336,Tasmanian Devil
337,Galeras
338,Marco Polo
339,Arugula
340,Sociology
341,Triumph of the Will
342,Laos
343,History of New Jersey
344,Retina
345,Summer
346,McFly (band)
347,Jet engine
348,Sardar Vallabhbhai Patel
349,GDRT
350,Abbey Theatre
351,Water
352,Botswana
353,Piccadilly Circus
354,Turkey
355,Bretton Woods system
356,Mongol invasion of Central Asia
357,Woodruff
358,Comet Hyakutake
359,Common Tern
360,Lake Mead
361,Liberalism
362,Beet
363,"Summer Hill, New South Wales"
364,Fundamental theorem of arithmetic
365,Archimedes
366,William Gladstone
367,Lilongwe
368,Cleopatra VII of Egypt
369,Mendelevium
370,Beetle
371,Private Peaceful
372,Baby Gender Mentor
373,E. E. Cummings
374,Krakatoa
375,Naval Battle of Guadalcanal
376,Ancient Greece
377,Homer
378,Beeching Axe
379,Badger
380,The Beano
381,Manila
382,Libertarianism
383,Palau
384,Hubbard Glacier
385,Elfin-woods Warbler
386,Telescope
387,Warsaw Uprising (1794)
388,Keurusselkä
389,Morphine
390,English peasants' revolt of 1381
391,Work (thermodynamics)
392,Calvin Coolidge
393,Coventry
394,Hymenoptera
395,Graphic novel
396,El Salvador
397,Walrus
398,Henry VI of England
399,Caesar cipher
400,La Grande Armée
401,Zinc
402,Afghanistan
403,Rainbow
404,Great Comet of 1882
405,Household income in the United States
406,Puerto Rico
407,Michael Faraday
408,Himno Nacional Mexicano
409,Continent
410,Wales
411,History of the Portuguese Communist Party
412,Weed
413,Southern Rockhopper Penguin
414,"Theatre Royal, Drury Lane"
415,Baroque
416,Police state
417,Aircraft carrier
418,Thomas Becket
419,Drum and bass
420,Sanskrit
421,Stanisław Lem
422,Canadian Charter of Rights and Freedoms
423,Nuclear weapon
424,Rail transport
425,C++
426,Carl Friedrich Gauss
427,U.S. Navy Marine Mammal Program
428,List of members of the Commonwealth of Nations by date joined
429,Eilmer of Malmesbury
430,Johannes Ockeghem
431,Timeline of discovery of solar system planets and their natural satellites
432,Military history of Puerto Rico
433,Saint Lawrence Seaway
434,Soup
435,Polish–Muscovite War (1605–1618)
436,Sequence alignment
437,Bat
438,Opera
439,The Supremes
440,Giganotosaurus
441,Celeriac
442,Soviet Union
443,Bible
444,Nature
445,Napoleonic Wars
446,Rhubarb
447,Dwight D. Eisenhower
448,Peru
449,Vowel
450,Nottingham
451,Thallium
452,Flag of South Africa
453,AT&T
454,Cocos (Keeling) Islands
455,Absinthe
456,Portugal
457,Donald Knuth
458,Cadmium
459,Hurricane Dennis
460,Gautama Buddha
461,Montreal
462,Cookiecutter shark
463,Jump rope
464,Mark Twain
465,Bean
466,Philosophy
467,Theodore Roosevelt
468,Common Basilisk
469,Fiberglass
470,IG Farben Building
471,Lipid
472,Sulfur
473,Yeast
474,Albigensian Crusade
475,Drought
476,The Count of Monte Cristo
477,Solar eclipse
478,League of Nations
479,Automated teller machine
480,Damon Hill
481,Beriberi
482,Chelsea F.C.
483,List of Oceanian countries
484,Jakarta
485,Arecaceae
486,Music of Thailand
487,Dolphin
488,Philippines
489,Phishing
490,Stone Age
491,Moscow
492,Thailand
493,Costa Rica
494,Jimmy Carter
495,Basil Brush
496,Roald Amundsen
497,Heard Island and McDonald Islands
498,Jomsvikings
499,Richard III of England
500,Meitnerium
501,Puffin
502,Richard I of England
503,History
504,Phase (matter)
505,Nigella
506,Nadia Comăneci
507,Onion
508,Potassium iodide
509,Swift
510,Lord's Resistance Army
511,Bionicle  Mask of Light
512,Tao Te Ching
513,Düsseldorf
514,Forest
515,Jordan River
516,Côte d'Ivoire
517,Human abdomen
518,"Washington, D.C."
519,Maya civilization
520,Witold Pilecki
521,Joel Brand
522,Nile
523,Pop Idol
524,George VI of the United Kingdom
525,Wine
526,North Africa
527,Joseph Stalin
528,Anaconda
529,Chennai
530,Mixtape
531,Forrest Gump
532,History of Alaska
533,S-mine
534,Central African Republic
535,Suez Canal
536,International Court of Justice
537,Empires  Dawn of the Modern World
538,Cider
539,6-2-0
540,Bread
541,Carolus Linnaeus
542,Louis XIV of France
543,Senegal
544,Iranian peoples
545,France in the American Revolutionary War
546,Abbey
547,Kenya
548,Actinium
549,Styracosaurus
550,Kosovo
551,Time
552,ZX Spectrum
553,Johann Sebastian Bach
554,Thalassemia
555,Bat-eared Fox
556,Radio frequency
557,Michael Woodruff
558,Effect of Hurricane Katrina on New Orleans
559,Love
560,Link (The Legend of Zelda)
561,Golden Gate Highlands National Park
562,Germany
563,Royal Geographical Society
564,X-Men  The Last Stand
565,Homestar Runner
566,Avro Lancaster
567,Pollinator
568,Arthur Sullivan
569,Antarctosaurus
570,Entropy
571,Ludwig Wittgenstein
572,Florence Nightingale
573,Matilda of Boulogne
574,Sucre
575,Communism
576,Baseball
577,Tobacco
578,Mercury (element)
579,Magnetism
580,List of animal welfare groups
581,Real tennis
582,William N. Page
583,Military history of the Soviet Union
584,Defaka
585,Kestrel
586,Jersey Zoological Park
587,Dance
588,Walter Raleigh
589,Franklin Pierce
590,TGV
591,HSBC
592,Football
593,Albrecht Rodenbach
594,Last Supper
595,Music of Italy
596,Berlin
597,"Atlanta, Georgia"
598,Rio Tinto Group
599,Playing card
600,Bratislava
601,George V of the United Kingdom
602,Kakariki
603,War in Somalia (2006–present)
604,Isaac
605,Data Encryption Standard
606,Aberration of light
607,Lemon myrtle
608,Battle of Marathon
609,Lerwick
610,India
611,Dune
612,Benjamin of Tudela
613,Virginian Railway
614,Steam engine
615,Denmark
616,Tennis
617,Radhanite
618,Euclid
619,Dublin
620,Hopman Cup
621,European Parliament
622,Canada
623,"German Crusade, 1096"
624,Diabetes mellitus
625,Salsa music
626,Eleocharis dulcis
627,Geography of Ireland
628,Asthma
629,Obi-Wan Kenobi
630,Pre-Raphaelite Brotherhood
631,Motion (physics)
632,Canada Goose
633,Law
634,Moorhen
635,Phosphorus
636,Episcopal polity
637,Cyrus the Great
638,Buckminster Fuller
639,Hydrochloric acid
640,Roman Catholic Church
641,Great Lakes Storm of 1913
642,Samantha Smith
643,Open source
644,History of Singapore
645,Starling
646,Oroonoko
647,History of Greece
648,Zuid-Gelders
649,Tropical Storm Vamei
650,Azerbaijan
651,Qin Shi Huang
652,John Milton
653,Business
654,Pali Canon
655,Library of Congress
656,U.S. state
657,Star Trek
658,The Rolling Stones
659,Raphael
660,Henry II of England
661,55 Cancri e
662,Brush
663,Jonah Lomu
664,Holmium
665,Anno Domini
666,Essential oil
667,Ultimatum game
668,Xenon
669,Berber languages
670,Chromium
671,Guam
672,Anthropology
673,Culture
674,Cicely
675,Medicine
676,Boris Becker
677,Battle of Cannae
678,Gremlins
679,Globular cluster
680,Brothers Grimm
681,AC DC
682,Tin(II) chloride
683,Asia
684,The Frogs
685,Shining Path
686,Gas tungsten arc welding
687,Howards End
688,Ska
689,Kookaburra
690,Saffron
691,Bhutan
692,Bicycle
693,Fossil record
694,Virtuti Militari
695,Erwin Rommel
696,MINI (BMW)
697,Llandudno
698,Peregrine Falcon
699,Potato
700,AK-47
701,Gender
702,Rhine
703,Vasco da Gama
704,Thor
705,Existentialism
706,Babur
707,Flemish (linguistics)
708,Corn oil
709,Arthur Upfield
710,Meteorological history of Hurricane Katrina
711,Equal Protection Clause
712,Map projection
713,Eliminative materialism
714,John F. Kennedy assassination
715,Political integration of India
716,Tupac Shakur
717,World Heritage Site
718,Wernher von Braun
719,Sorrel
720,David Attenborough
721,Nigeria
722,Squash (sport)
723,Algorithm
724,"Miami, Florida"
725,Consumer protection
726,Amur
727,Saxicola
728,Damascus
729,Wyndham Robertson
730,15th Marine Expeditionary Unit
731,Mohs scale of mineral hardness
732,Katana
733,Edinburgh
734,Cheetah
735,Ramayana
736,Lake Turkana
737,James Monroe
738,Jamaica
739,Menthol
740,Caesium
741,Sputnik 1
742,Emanuel Swedenborg
743,Roche limit
744,Looney Tunes
745,Jean Charles de Menezes
746,Prime Minister of the United Kingdom
747,Carl Lewis
748,Fur language
749,Europe
750,Equatorial Guinea
751,Cyclone Percy
752,Penda of Mercia
753,Akbar
754,Blacktip reef shark
755,Dresden
756,Mauritius
757,ATLAS experiment
758,Ammolite
759,Schuttern Gospels
760,Sodium
761,Dakar
762,Quartz
763,Russia
764,Economic inequality
765,El Lissitzky
766,David Livingstone
767,Tropical Storm Zeta (2005)
768,Bill Gates
769,Medieval music
770,Hurricane David
771,Plutonium
772,Siege of Antioch
773,Wasabi
774,Malaspina Glacier
775,FM Consolidated line
776,Miocene
777,Piano
778,Yes Minister
779,Mars Exploration Rover
780,Graniteville train disaster
781,"Aymer de Valence, 2nd Earl of Pembroke"
782,Quetzalcoatl
783,Calvin and Hobbes
784,Venezuela
785,Roman Britain
786,Coriander
787,Matthew Brettingham
788,Republic of Ireland
789,Stuttgart
790,Hydrogen peroxide
791,Blade Runner
792,Tree
793,Roman Vishniac
794,Cuckmere Haven
795,Aztec
796,Super Bowl XL
797,Almaty
798,Eris (dwarf planet)
799,Ununoctium
800,English language
801,Music of Antigua and Barbuda
802,Sirius
803,Bohrium
804,Iridium
805,Toronto
806,47 Ursae Majoris c
807,Gordon Brown
808,White cliffs of Dover
809,Anglican Church of Australia
810,Cotswolds
811,Cochineal
812,Diplodocus
813,Ho Chi Minh City
814,San Diego Electric Railway
815,History of slavery
816,Santamaría (volcano)
817,Ben-Hur (1959 film)
818,African Grey Hornbill
819,Hepatorenal syndrome
820,H II region
821,Scanian (linguistics)
822,Augustine of Hippo
823,Neighbours
824,Yugoslavia
825,Leo Tolstoy
826,George III of the United Kingdom
827,Middle East
828,Grand Slam (tennis)
829,Concorde
830,Georg Cantor
831,Wall Street
832,Theatre in the round
833,Bulgaria
834,Abbot
835,Proxima Centauri
836,Comet Shoemaker-Levy 9
837,Haraldskær Woman
838,Monrovia
839,Asperger syndrome
840,Hypsilophodon
841,Juniper berry
842,Phosphorus trichloride
843,Jupiter (mythology)
844,Omega-3 fatty acid
845,Marginated Tortoise
846,Colorado River
847,Winter
848,Capitalism
849,Cassowary
850,Ursuline Convent Riots
851,Blokus
852,Boeing 747
853,Lebanon
854,Heraclius
855,Helen Gandy
856,Marseille
857,Brasília
858,Grevy's Zebra
859,Abel Tasman
860,William Ewart Gladstone
861,T. D. Judah
862,Isle of Wight
863,Fashion
864,Shenzhou spacecraft
865,Organism
866,Blue Wildebeest
867,Mass media
868,Mysticism
869,2005 Hertfordshire Oil Storage Terminal fire
870,Broadcasting
871,List of U.S. states by date of statehood
872,The Bahamas
873,Visual arts
874,Color Graphics Adapter
875,New Forest
876,Russian language
877,Passenger Pigeon
878,USS Wisconsin (BB-64)
879,Refining
880,Sonic the Hedgehog (character)
881,Mercury (planet)
882,Battle of Rennell Island
883,Copper
884,Rugby football
885,Kyrgyzstan
886,"William Thomson, 1st Baron Kelvin"
887,Fourteenth Amendment to the United States Constitution
888,Oviraptor
889,Seychelles
890,Poverty
891,Mauthausen-Gusen concentration camp
892,Religious Society of Friends
893,Benjamin Franklin
894,Dilophosaurus
895,Bass (fish)
896,Language
897,Breaker Morant
898,Snowdonia National Park
899,Orkney
900,English Channel
901,Space Race
902,"James T. Aubrey, Jr."
903,Crime in Mexico
904,List of particles
905,Insect
906,Ivory
907,Thrush (bird)
908,Morecambe and Wise
909,Huntington's disease
910,History of computing hardware
911,English poetry
912,Uranium
913,Ozone
914,St Buryan
915,Santa Claus
916,Communication
917,Taj Mahal
918,Baboon
919,James Stewart (actor)
920,Turmeric
921,Krypton
922,Blood type
923,Sassanid Empire
924,Bluetooth
925,Palestinian territories
926,Fusarium
927,Arsenic
928,William the Silent
929,Ottoman Empire
930,B vitamins
931,Plateosaurus
932,Brisbane
933,Nationalism
934,Binoculars
935,Ferdinand Magellan
936,"Arthur Wellesley, 1st Duke of Wellington"
937,Weyto language
938,History of post-Soviet Russia
939,Battle of Vaslui
940,California Southern Railroad
941,Penguin
942,Epazote
943,Cretaceous
944,Laozi
945,Ben Jonson
946,Lusaka
947,Old English language
948,Tantalum
949,Selenium
950,Dutch language
951,Hero of the Russian Federation
952,Magnet
953,"Lucy, Lady Duff-Gordon"
954,Poetry
955,Ecology
956,World Wide Web
957,Architecture
958,Honey bee
959,Cormorant
960,Orion Nebula
961,The Cantos
962,United Malays National Organisation
963,History of the Internet
964,Bank of China (Hong Kong)
965,Richard III (play)
966,Yuri Gagarin
967,Writing
968,Pelycosaur
969,Sunset Boulevard (1950 film)
970,Cyclone Rosita
971,Prehistoric man
972,Mount Rushmore
973,Washington Metro
974,DNA repair
975,Amtrak
976,Eustreptospondylus
977,List of South American countries
978,Aleksandr Vasilevsky
979,Ronald Reagan
980,William Howard Taft
981,Triassic
982,Metamorphic rock
983,Thomas More
984,Battle of Lechaeum
985,Niccolò dell'Abbate
986,Eocene
987,Namibia
988,Sugarcane
989,Mikhail Gorbachev
990,Munich
991,Cancer
992,Francis Petre
993,Jerusalem
994,Fermium
995,Abstract art
996,Abbadid
997,Supermarine Spitfire
998,Speaker of the United States House of Representatives
999,Material properties of diamond
1000,New Zealand
1001,Armenia
1002,East-West Schism
1003,Ohm
1004,Electrical resistance
1005,Madama Butterfly
1006,Dada
1007,Argyle diamond mine
1008,Ran (film)
1009,Chew Stoke
1010,Western Front (World War I)
1011,Card game
1012,American Revolutionary War
1013,La Paz
1014,Acceleration
1015,Eric Clapton
1016,Grand Canyon
1017,Gone with the Wind (film)
1018,Right whale
1019,Calcite
1020,Newmarket
1021,Sydney
1022,Jacques-Louis David
1023,Triggerplant
1024,Zambezi
1025,Réunion
1026,Jorge Luis Borges
1027,Speech synthesis
1028,Pearl
1029,Madagascar
1030,Bridge
1031,Jesus
1032,Battle of Amiens
1033,List of European Union member states by accession
1034,Trinity test
1035,Lake Malawi
1036,Ffestiniog Railway
1037,George II of Great Britain
1038,Medieval commune
1039,Parliament of the United Kingdom
1040,Glacier
1041,Civil War token
1042,Welsh law
1043,Laws in Wales Acts 1535–1542
1044,Theropoda
1045,Crime and Punishment
1046,Hawaiian Goose
1047,Basil
1048,Troodon
1049,Fishing
1050,Republic of Macedonia
1051,Chicken
1052,Kigali
1053,Malaysia
1054,Blue Jay
1055,Tuna
1056,Mosque
1057,Hurricane Ivan
1058,Japanese yen
1059,Celine Dion
1060,Metal
1061,Spain
1062,Fine art
1063,Southern Pacific 4449
1064,Adam Smith
1065,Captain Marvel (DC Comics)
1066,City
1067,Kylie Minogue
1068,Trumpet
1069,Stefan Edberg
1070,Property
1071,Congo River
1072,Phenylketonuria
1073,Ptolemy
1074,Marie Curie
1075,Advertising
1076,Tropical Storm Henri (2003)
1077,White Wagtail
1078,Gallimimus
1079,Kitsch
1080,African Black Oystercatcher
1081,"Constitution of May 3, 1791"
1082,Rutherford B. Hayes
1083,M-10003-6
1084,Mauritania
1085,Introduction to special relativity
1086,The Beatles
1087,Industrial Revolution
1088,Alfred Nobel
1089,Hubble Space Telescope
1090,Gray Wolf
1091,Chad
1092,Hong Kong
1093,Indus River
1094,Ars moriendi
1095,Princeton University
1096,Proton
1097,Grand Canal of China
1098,Columbine High School massacre
1099,Casimir effect
1100,Banknote
1101,Community
1102,Taiwan
1103,Sugar beet
1104,Pyongyang
1105,Income disparity
1106,History of Wikipedia
1107,Joseph and the Amazing Technicolor Dreamcoat
1108,Stained glass
1109,Bertrand Russell
1110,Yom Kippur War
1111,Palio di Siena
1112,Zheng He
1113,Brain
1114,Rome
1115,Heraldry
1116,Calligraphy
1117,Tsunami
1118,St Michael's Mount
1119,Great comet
1120,Walter Scott
1121,Parsley
1122,Probability theory
1123,PRR GG1
1124,Hunger
1125,Magna Carta
1126,Francis Bacon
1127,Vodafone
1128,Alexander Graham Bell
1129,Brown trout
1130,Tropical Storm Bonnie (2004)
1131,Milgram experiment
1132,Protein
1133,Photon
1134,James Cook
1135,Nicolaus Copernicus
1136,Carcinus maenas
1137,King Kong (2005 film)
1138,History of South Africa
1139,Fundamental Rights in India
1140,Utilitarianism
1141,Pheidippides
1142,Zoroaster
1143,Superman
1144,Milk
1145,Lion
1146,Bob Dylan
1147,First Crusade
1148,"Salt Lake City, Utah"
1149,Computational chemistry
1150,Coulomb's law
1151,Aggregator
1152,Richard Stallman
1153,Triathlon
1154,Bison
1155,Oregon
1156,Vanadium
1157,Parasaurolophus
1158,Neptune
1159,Bromine
1160,Shrimp farm
1161,55 Cancri d
1162,Crocodile
1163,Gangtok
1164,Greenland
1165,Jan Mayen
1166,Evolution
1167,Homo floresiensis
1168,Dodo
1169,J. R. R. Tolkien
1170,HIV
1171,Health
1172,CF7
1173,Benzene
1174,Vietnam War
1175,Weather map
1176,Glacier National Park (US)
1177,Human
1178,Great Black-backed Gull
1179,Action potential
1180,Trichinosis
1181,Mayotte
1182,Airship
1183,Age of Enlightenment
1184,Bede
1185,Arab League
1186,Manchester
1187,Vietnam
1188,Bran
1189,DNA
1190,Uluru
1191,Separation of powers under the United States Constitution
1192,The Great Exhibition
1193,Gold standard
1194,Indian Institutes of Technology
1195,Biodiesel
1196,London sewerage system
1197,Rabbit
1198,Weymouth
1199,Wombat
1200,Robert Owen
1201,Swaziland
1202,City status in the United Kingdom
1203,Daniel Day-Lewis
1204,Ancient Egypt
1205,Prostate cancer
1206,Ethiopia
1207,Lead
1208,Akhenaten
1209,War of the Spanish Succession
1210,Isis
1211,Charlie Chaplin
1212,Saltasaurus
1213,Library
1214,Sikhism
1215,Genealogy
1216,Urial
1217,Hernán Cortés
1218,Indira Gandhi
1219,Luftwaffe
1220,Slavic mythology
1221,H.D.
1222,Bruce Springsteen
1223,10th century
1224,Sean Connery
1225,Rocky Mountains
1226,William I of England
1227,God
1228,Peafowl
1229,Impressionism
1230,Andorra
1231,Palmyra Atoll
1232,HIV AIDS in Africa
1233,Aleksey Arakcheyev
1234,Gaza Strip
1235,Portuguese Communist Party
1236,William Tecumseh Sherman
1237,String theory
1238,Issyk Kul
1239,Tower Bridge
1240,Belarus
1241,IPod
1242,Redshift
1243,Leicester
1244,Star Wars Episode IV  A New Hope
1245,Pakistan
1246,Arctic Ocean
1247,Pied Avocet
1248,Sichuan Pepper
1249,Photosynthesis
1250,Algebra
1251,First Macedonian War
1252,W. Mark Felt
1253,Hurricane Mitch
1254,Battle of Alesia
1255,Áedán mac Gabráin
1256,Grape seed oil
1257,Garden Gnome Liberation Front
1258,Kolkata
1259,Valparaíso
1260,FIFA
1261,Markup language
1262,Hovercraft
1263,4-2-0
1264,Fox
1265,Hawking radiation
1266,Firefly (TV series)
1267,Button
1268,Electronic amplifier
1269,Tom and Jerry (MGM)
1270,Demand Note
1271,Rhodium
1272,Grover Cleveland
1273,Riesling
1274,Arctic Tern
1275,The Fairy-Queen
1276,Brahman
1277,Tropical Storm Larry (2003)
1278,Lead(II) nitrate
1279,Vertebrate
1280,Confucius
1281,Scooby-Doo
1282,Ichthyosaur
1283,Frédéric Chopin
1284,Pellagra
1285,Western Sahara
1286,Literature
1287,World Health Organization
1288,Fossil
1289,Rosa Parks
1290,Union Flag
1291,Cooperative
1292,United Arab Emirates
1293,Atlantic Coast Line Railroad
1294,Pleiades (star cluster)
1295,Franz Schubert
1296,BASIC
1297,"Ann Arbor, Michigan"
1298,John Pershing
1299,Lope de Barrientos
1300,War of the League of Cambrai
1301,Belfast
1302,Pope John Paul II
1303,Dewey Square
1304,Florida East Coast Railway
1305,Reza Shah
1306,HD 28185 b
1307,The Illuminatus! Trilogy
1308,Tacitean studies
1309,University of Chicago
1310,Cathedral of Magdeburg
1311,Oenothera
1312,Treaty of Devol
1313,"Victoria, Seychelles"
1314,Slavery
1315,Nurse sharks
1316,Vole
1317,Television
1318,Painting
1319,Hurricane Felix (1995)
1320,Adenosine triphosphate
1321,Lord Voldemort
1322,Thiamine
1323,Howland Island
1324,Wolf Brother
1325,London Zoo
1326,Niger
1327,Yamoussoukro
1328,Whipworm
1329,Sandringham House
1330,Moorgate
1331,David Copperfield (novel)
1332,Weakest Link
1333,Theta
1334,Peter I of Russia
1335,L. S. Lowry
1336,Plasma (physics)
1337,Norman Borlaug
1338,Apaochi
1339,British East India Company
1340,Gerald Durrell
1341,Luminiferous aether
1342,Dixie Mission
1343,New Caledonia
1344,Hot air balloon
1345,North Korea
1346,Biology
1347,Flemish people
1348,Hurricane Vince (2005)
1349,Kurt Cobain
1350,Forth Bridge (railway)
1351,Hurricane John (1994)
1352,The Country Wife
1353,Qatar
1354,Andrew Carnegie
1355,Turin
1356,17th century
1357,Attention-deficit hyperactivity disorder
1358,Famine
1359,Logba language
1360,Canadian House of Commons
1361,Achilles
1362,Thomas Gainsborough
1363,Upsilon Andromedae
1364,Catherine II of Russia
1365,Thomas Edison
1366,Clarinet
1367,Christian Bale
1368,Biodiversity
1369,Latin America
1370,Fieldfare
1371,List of rivers by length
1372,Irish people
1373,Luxembourg
1374,Hero of Ukraine
1375,Myco-heterotrophy
1376,Basel
1377,Unix
1378,Diane Keaton
1379,Norfolk Island
1380,Henrik Ibsen
1381,To Kill a Mockingbird
1382,Antonio Vivaldi
1383,Giuseppe Verdi
1384,Pupil
1385,Explorer I
1386,Benjamin Mountfort
1387,Kuwait
1388,Jazz
1389,Optical fiber
1390,Tornado
1391,Sea of Galilee
1392,"Aradia, or the Gospel of the Witches"
1393,Mark Twain House
1394,Netherlands
1395,Roan Antelope
1396,Geology
1397,Tripitaka
1398,Boat
1399,Cross Fell
1400,Aluminium
1401,T. S. Eliot
1402,Wood fuel
1403,French Polynesia
1404,English Reformation
1405,Mega Man X (character)
1406,Corporation
1407,OpenBSD
1408,Cuba
1409,Bahá'í Faith
1410,Vatican City
1411,History of Buddhism
1412,Moldovans
1413,Anglo-Saxon literature
1414,Music of the Bahamas
1415,Super Mario Bros.
1416,Baltic Sea
1417,Sociocultural evolution
1418,Antigua and Barbuda
1419,Croatia
1420,Orca
1421,Washington streetcars
1422,Jet Set Willy
1423,Supreme Court of the United States
1424,Carbon
1425,Loch Ness
1426,Computer and video games
1427,Lemon
1428,Battle of Warsaw (1920)
1429,Olaudah Equiano
1430,Natural disaster
1431,Novel
1432,The Hitchhiker's Guide to the Galaxy
1433,Second Boer War
1434,Vanilla
1435,Vienna
1436,Economy of India
1437,Great Britain
1438,Grand Central Station (Chicago)
1439,Gazelle
1440,Ununquadium
1441,Battle of Leyte Gulf
1442,Athens
1443,Ununtrium
1444,Speaker of the British House of Commons
1445,Cat's Eye Nebula
1446,Sport
1447,Charles Etienne Brasseur de Bourbourg
1448,Enigma machine
1449,Cobalt
1450,Mathematics
1451,Zirconium
1452,1st century
1453,Rama
1454,Harare
1455,Berlin Wall
1456,Macbeth of Scotland
1457,Uruguay
1458,11th century
1459,Doctor Who
1460,Glastonbury Festival
1461,Thomas Malthus
1462,Garden
1463,Stephen of England
1464,Rain
1465,Hurricane Camille
1466,Avatar  The Last Airbender
1467,History of the Royal Australian Navy
1468,Catholic social teaching
1469,Samarium
1470,Dmitri Mendeleev
1471,Benjamin Harrison
1472,Hasekura Tsunenaga
1473,Feldspar
1474,Richard Feynman
1475,Ostrich
1476,Aesthetics
1477,Charlemagne
1478,Yak
1479,Haemophilia
1480,Music of New Zealand
1481,James Clerk Maxwell
1482,Coconut crab
1483,Thunderstorm
1484,Indo-Greek Kingdom
1485,Stock
1486,Tiridates I of Armenia
1487,Emperor Penguin
1488,Scotland
1489,Pericles
1490,Library of Alexandria
1491,Gottfried Leibniz
1492,Cotton
1493,Swastika
1494,Japanese war crimes
1495,Terrorism
1496,Irish poetry
1497,Tigris
1498,Humphry Davy
1499,Waste management
1500,Beijing
1501,Dubnium
1502,Idolatry
1503,Liverpool and Manchester Railway
1504,Crossbill
1505,Henry David Thoreau
1506,Gray reef shark
1507,History of nuclear weapons
1508,Weyauwega derailment
1509,International Red Cross and Red Crescent Movement
1510,Midway Atoll
1511,Indian Standard Time
1512,Long pepper
1513,Deinonychus
1514,Wood Pigeon
1515,Victoria of the United Kingdom
1516,Weasel
1517,Trinity
1518,David Heymann
1519,Cyclamen
1520,Drosera anglica
1521,Westport Country Playhouse
1522,Francis of Assisi
1523,Cleopatra VII
1524,Johann Wolfgang Goethe
1525,Extinction
1526,Sesame Street
1527,Rabies
1528,Great white shark
1529,Akira Kurosawa
1530,Psittacosaurus
1531,Al Jazeera
1532,Osteomalacia
1533,World Trade Organization
1534,Star
1535,Ramesses II
1536,Ireland
1537,Revised Standard Version
1538,Atlantic slave trade
1539,Red Panda
1540,Tay-Sachs disease
1541,Terik
1542,Pat Cash
1543,Rabindranath Tagore
1544,Government
1545,Mu Arae
1546,Wright brothers
1547,HTTP cookie
1548,Music of Dominica
1549,Great Salt Lake
1550,NATO
1551,Paleocene
1552,Great Tit
1553,William Mahone
1554,Chestnut
1555,The Absent-Minded Beggar
1556,Loch
1557,Rococo
1558,Multiple sclerosis
1559,Ice age
1560,List of North American countries
1561,Eifel Aqueduct
1562,Nobelium
1563,Eurasian Collared Dove
1564,Maya mythology
1565,Trigonometric function
1566,Wildebeest
1567,"History of Louisville, Kentucky"
1568,Osaka
1569,FairTax
1570,Stanley Baldwin
1571,Novelty (locomotive)
1572,Hermann Maier
1573,Mesopotamia
1574,M6 motorway
1575,Oliver Cromwell
1576,Still Game
1577,The Iron Bridge
1578,Roman Empire
1579,Hilda of Whitby
1580,Mind
1581,Euston Manifesto
1582,Giant Hogweed
1583,Adolf Hitler
1584,Stoicism
1585,Lone Wolf (gamebooks)
1586,Edward I of England
1587,Imagism
1588,Argon
1589,Horn of Africa
1590,Smog
1591,Andrew Robinson
1592,Hirohito
1593,Monopoly (game)
1594,Domestic AC power plugs and sockets
1595,Moss
1596,Treecreeper
1597,Art
1598,Mozilla Firefox
1599,Culture of the Democratic Republic of the Congo
1600,Guangzhou
1601,Emirate
1602,Windsor Castle
1603,Nineteen Eighty-Four
1604,Giant's Causeway
1605,Astrology
1606,Postman Pat
1607,Spirit of the American Doughboy
1608,West Flemish
1609,Whale song
1610,Pound sterling
1611,Scrooge McDuck
1612,Richard Wagner
1613,Mongol Empire
1614,Mercantilism
1615,Permian
1616,Flag of Australia
1617,First Transcontinental Railroad
1618,Clay
1619,Angel shark
1620,Kidnapped (novel)
1621,Jesse Owens
1622,Timbuktu
1623,Sudan
1624,Black-backed Jackal
1625,Pikachu
1626,Family
1627,Basketball
1628,Mammoth
1629,U.S. Route 66
1630,Billie Holiday
1631,Southern United States
1632,Layla
1633,Scheme programming language
1634,Rook (bird)
1635,Egg (food)
1636,Alternation of generations
1637,Bonobo
1638,Chile
1639,Barbados
1640,Woodworking
1641,Earwax
1642,John F. Kennedy
1643,History of Arizona
1644,Indian independence movement
1645,Multiculturalism
1646,Long-tailed Tit
1647,Arab-Israeli conflict
1648,Box jellyfish
1649,Shabo language
1650,Otto von Bismarck
1651,Colley Cibber
1652,Blue Whale
1653,Apple
1654,Dubai
1655,Polar ice cap
1656,Economy of Scotland
1657,Ernest Hemingway
1658,Calgary
1659,Aksumite currency
1660,Monarda didyma
1661,Geometry
1662,List of French monarchs
1663,Jew
1664,"Kansas City, Missouri"
1665,Tiger
1666,Yttrium
1667,Star anise
1668,Jordan
1669,Refrigerator car
1670,The Broads
1671,Gliese 876
1672,Coronation Street
1673,Telephone exchange
1674,Bronze Age
1675,Wallaby
1676,Analytical Marxism
1677,Reed Warbler
1678,Dido and Aeneas
1679,Arp2 3 complex
1680,Riyadh
1681,Tree frog
1682,History of painting
1683,Three Gorges Dam
1684,Amazon River
1685,Copenhagen Fire of 1728
1686,Tin whistle
1687,Dill
1688,Postage stamp
1689,Spanish language
1690,Wallis and Futuna
1691,Sicilian Baroque
1692,Palace of Westminster
1693,Force
1694,Black Death
1695,Tourette syndrome
1696,A cappella
1697,Autobianchi Primula
1698,Police
1699,Karl Benz
1700,Pandanus
1701,The Famous Five (characters)
1702,Lake Victoria
1703,French Guiana
1704,Ship
1705,SimCity
1706,Conflict
1707,47 Ursae Majoris
1708,Autorack
1709,Behistun Inscription
1710,United States Numbered Highways
1711,Robert Oppenheimer
1712,Jewellery
1713,United States Declaration of Independence
1714,Pretoria
1715,The King's Regiment (Liverpool)
1716,Punctuated equilibrium
1717,Louis Pasteur
1718,"Louisville, Kentucky"
1719,Oxygen
1720,Varanasi
1721,Alcibiades
1722,GNOME
1723,Cane Toad
1724,Programming language
1725,Ammosaurus
1726,List of Asian countries
1727,Isles of Scilly
1728,Sylvanus Morley
1729,Sauropsid
1730,Anarcho-capitalism
1731,Plant cell
1732,Baghdad
1733,Military dictatorship
1734,Great Yarmouth
1735,Mumbai
1736,Mogadishu
1737,Quark
1738,Harold Macmillan
1739,Magdalena Abakanowicz
1740,Daley Thompson
1741,Saint Joan (play)
1742,Euclidean geometry
1743,History of the Netherlands
1744,Nikolai Rimsky-Korsakov
1745,Moldova
1746,Ebony
1747,Albert Einstein
1748,"Scotch College, Perth"
1749,Malwa (Madhya Pradesh)
1750,"Muscat, Oman"
1751,Scouting
1752,Popular culture
1753,Voynich manuscript
1754,Zimbabwe
1755,Economy of the Republic of Ireland
1756,Anteater
1757,Lance Armstrong
1758,Indian Railways
1759,Russian Revolution of 1917
1760,Market
1761,Charles II of England
1762,Lettuce
1763,Greco-Buddhism
1764,Husein Gradaščević
1765,Wikinews
1766,EMD GP30
1767,Seawater
1768,Game theory
1769,Book of Kells
1770,ABO blood group system
1771,Sandur
1772,Little Women
1773,Tyrannosaurus
1774,Uffington White Horse
1775,M1 motorway
1776,Niobium
1777,Nintendo Entertainment System
1778,Port Louis
1779,Multiple sequence alignment
1780,Klinefelter's syndrome
1781,Tourism
1782,Indonesian language
1783,Minoan civilization
1784,Saint-Pierre and Miquelon
1785,Bassoon
1786,Frankenstein
1787,"Dallas, Texas"
1788,Stock car (rail)
1789,Jean-Jacques Rousseau
1790,Francisco Goya
1791,Basset Hound
1792,Differential geometry and topology
1793,Common cold
1794,United States Senate
1795,Coconut oil
1796,EMD BL2
1797,Baker Island
1798,List of circulating currencies
1799,Metric expansion of space
1800,Periodic table
1801,Hubble's law
1802,Kevin Spacey
1803,Benin
1804,Blackpool
1805,Fauna of Australia
1806,Konrad Lorenz
1807,Rwandan Genocide
1808,Islam
1809,Frog
1810,Leon Trotsky
1811,Tufted Duck
1812,Quatermass and the Pit
1813,Herodotus
1814,Lake Tanganyika
1815,St Paul's Cathedral
1816,Tropical Storm Isabel (1985)
1817,Praseodymium
1818,Cassini-Huygens
1819,Booby
1820,Retinol
1821,Petroleum
1822,Trade and usage of saffron
1823,Suriname
1824,Athanasius Kircher
1825,Redwood National and State Parks
1826,Raney nickel
1827,Vampire
1828,Lemon balm
1829,Landform
1830,Liquid crystal
1831,Neon
1832,Science
1833,Negros Oriental
1834,Ernest Rutherford
1835,2-8-0
1836,Cosmic microwave background radiation
1837,Alan Turing
1838,Deconstructivism
1839,Oat
1840,Henry Wood (conductor)
1841,"September 11, 2001 attacks"
1842,History of Solidarity
1843,Cello
1844,Tropical Storm Matthew (2004)
1845,Jake Gyllenhaal
1846,Space Shuttle Columbia disaster
1847,All Blacks
1848,Genghis Khan
1849,Comics
1850,Ganges shark
1851,One Foot in the Grave
1852,Aphid
1853,Pigment
1854,Crust (geology)
1855,William IV of the United Kingdom
1856,Sahara
1857,Battle of Hastings
1858,Mathematical analysis
1859,Emacs
1860,Cameroon
1861,Calculus
1862,Asunción
1863,Sodium sulfate
1864,Lutetium
1865,Go (board game)
1866,Bryce Canyon National Park
1867,West Bank
1868,Red Kite
1869,Society of Merchant Venturers
1870,Underground (stories)
1871,Arctic
1872,Krazy Kat
1873,Democratic Republic of the Congo
1874,Hardball squash
1875,Guatemala
1876,The Lord of the Rings film trilogy
1877,Indus Valley Civilization
1878,Safflower
1879,Lithium aluminium hydride
1880,Aberdeen
1881,Great Cormorant
1882,Spix's Macaw
1883,Canadian Senate
1884,Soil pH
1885,Restoration comedy
1886,Dominica
1887,Animal rights
1888,Flanders
1889,Wake Island
1890,Gunpowder
1891,PRR M1
1892,All your base are belong to us
1893,2004 Atlantic hurricane season
1894,Military history of Canada
1895,Rainforest
1896,Allah
1897,Newshounds
1898,Kashmir region
1899,I Ching
1900,Sand
1901,18th century
1902,Royal Navy
1903,"Bath, Somerset"
1904,Wren
1905,Rubik's Cube
1906,Harley-Davidson
1907,Sundew
1908,Hubble Deep Field
1909,Battle of the Eastern Solomons
1910,Hey Jude
1911,A Wrinkle in Time
1912,Death Valley National Park
1913,Hellenistic Greece
1914,Henry Purcell
1915,BP
1916,Myanmar
1917,Abacus
1918,Edward VII of the United Kingdom
1919,Bette Davis
1920,Metallurgy
1921,Oceania
1922,Phosphorus tribromide
1923,"Richmond, Virginia"
1924,Hydrology
1925,Stephen Jay Gould
1926,Dunnock
1927,Gas turbine-electric locomotive
1928,Lesothosaurus
1929,Lisbon
1930,Pope Benedict XVI
1931,Celtic F.C.
1932,Mango
1933,Antelope
1934,Anschluss
1935,Iron Maiden
1936,John Cabot
1937,Mormon
1938,"Baltimore, Maryland"
1939,InterBase
1940,Northern Pacific Railway
1941,Taipei
1942,Cyberpunk
1943,Bouvet Island
1944,James Bond
1945,Beep (SWBLW)
1946,"John Seigenthaler, Sr."
1947,Ordinary differential equation
1948,Lawrencium
1949,Wowpurchase
1950,Classic female blues
1951,Sunol Water Temple
1952,List of Archbishops of Canterbury
1953,Cockatiel
1954,"National Gallery, London"
1955,Constantine II of Scotland
1956,Lyme disease
1957,20th century
1958,South Korea
1959,Cat
1960,HD 217107
1961,Palladium
1962,Political philosophy
1963,"Yarralumla, Australian Capital Territory"
1964,Goldcrest
1965,Edward II of England
1966,Nintendo
1967,ECHELON
1968,Olive oil
1969,Pea
1970,Royal Air Force
1971,Vicia faba
1972,"The Lion, the Witch and the Wardrobe"
1973,Nicaragua
1974,Antarctic krill
1975,President of the United States
1976,Alchemy
1977,Paul Kane
1978,Hickman's potentilla
1979,Józef Piłsudski
1980,Montserrat
1981,Globalization
1982,York
1983,Swiss Federal Council
1984,United States Virgin Islands
1985,Habsburg Spain
1986,Financial statements
1987,Muhammad Iqbal
1988,Deluge (mythology)
1989,Matrix (mathematics)
1990,Northwest Africa
1991,"Grand Forks, North Dakota"
1992,Uganda
1993,"Perth, Western Australia"
1994,Montreal Metro
1995,Pythagoras
1996,Corinthian War
1997,Easter Island
1998,Emma Roberts
1999,Aberystwyth
2000,Persian literature
2001,History of Greenland
2002,George Washington
2003,Domesticated turkey
2004,Roman Greece
2005,Geology of the Grand Canyon area
2006,Guild
2007,Lindisfarne Gospels
2008,Plato
2009,List of sovereign states
2010,Tropics
2011,Potassium nitrate
2012,Liberia
2013,East Africa
2014,Solomon Islands
2015,Global
2016,Apollo 11
2017,Montenegro
2018,Fractal
2019,Cyclops
2020,Doom
2021,Bucharest
2022,Coot
2023,Redwing
2024,Boy Scout
2025,Guadeloupe
2026,James Callaghan
2027,Mexico
2028,Cocoa
2029,Charles I of England
2030,List of Prime Ministers of the United Kingdom
2031,Ibn Battuta
2032,San Diego and Arizona Railway
2033,Ceratopsidae
2034,War and Peace
2035,Okapi
2036,American Samoa
2037,Corrosion
2038,M25 motorway
2039,Country
2040,"Seattle, Washington"
2041,Polish-Lithuanian Commonwealth
2042,Mustard seed
2043,Beekeeping
2044,Wolfgang Amadeus Mozart
2045,Chola dynasty
2046,Channel Islands
2047,John von Neumann
2048,Christianity
2049,Renaissance music
2050,14th century
2051,Snow Goose
2052,Milk thistle
2053,Irish Sea
2054,Mississippi River
2055,Blackcap
2056,Boudica
2057,Niccolò Paganini
2058,Vacutainer
2059,Matsuo Bashō
2060,Cai Lun
2061,Malaria
2062,Eurasian Bullfinch
2063,Lille
2064,Mona Lisa
2065,James K. Polk
2066,Asteroid
2067,Social anxiety
2068,Propaganda
2069,Khan Wali Khan
2070,Richard Francis Burton
2071,Dandelion
2072,Compsognathus
2073,International English
2074,Alfred the Great
2075,Names of God in Judaism
2076,Synthesizer
2077,Flag of Belarus
2078,Egyptian pyramids
2079,Space station
2080,Boston and Lowell Railroad
2081,Toy
2082,Federal Bureau of Investigation
2083,Coccinellidae
2084,Harlem Globetrotters
2085,Norwich
2086,Dundee
2087,Edward V of England
2088,Cheers
2089,Rhenium
2090,Paraguay
2091,Chicago Bears
2092,Principality
2093,Donald Bradman
2094,Black-winged Stilt
2095,Chemistry
2096,Heracles
2097,Australian Open
2098,Celery
2099,Ivan IV of Russia
2100,Paul McCartney
2101,Liverpool
2102,Milky Way
2103,Brachiosaurus
2104,Oleg of Novgorod
2105,Saturn
2106,Montevideo
2107,Euphrates
2108,Snowy Owl
2109,Reggae
2110,Aye-aye
2111,Barbary Lion
2112,Eva Perón
2113,Latin
2114,Mythology
2115,Badugi
2116,Juan Sebastián Elcano
2117,21st century
2118,Mitochondrial Eve
2119,Koryaksky
2120,Conakry
2121,Video
2122,Sasha (DJ)
2123,Afghan Hound
2124,Niccolò Machiavelli
2125,Measles
2126,Sleep
2127,Radon
2128,Paul of Tarsus
2129,Crown Jewels of the United Kingdom
2130,Mirabilis (plant)
2131,Global warming
2132,Citizenship
2133,George Thomas Coker
2134,Pro Milone
2135,Mali
2136,The Legend of Zelda series
2137,Manufacturing
2138,Geography
2139,Lake Tahoe
2140,Irrigation
2141,History of Poland (1945–1989)
2142,Ollanta Humala
2143,House of Lords
2144,GNU Linux naming controversy
2145,Tsar Bomba
2146,Battle of Bicocca
2147,Che Guevara
2148,Halfbeak
2149,Gregorian chant
2150,Mary I of England
2151,Tiger Woods
2152,Stingray
2153,Ethiopian Wolf
2154,Geology of Dorset
2155,Harald Maddadsson
2156,Clock
2157,Kipchaks in Georgia
2158,Falkirk Wheel
2159,ASCII
2160,Flag of India
2161,Polish-Soviet War
2162,Ornithischia
2163,Elias Ashmole
2164,Prion
2165,Abbas I of Persia
2166,Molybdenum
2167,WTA Tour Championships
2168,African Grey Parrot
2169,19th century
2170,Nutmeg
2171,Parrot
2172,Macedon
2173,Evolutionarily stable strategy
2174,Woodpecker
2175,Malcolm X
2176,Black widow spider
2177,Great Rift Valley
2178,ROT13
2179,Butter
2180,ITunes
2181,Elementary arithmetic
2182,Imperative programming
2183,Upsilon Andromedae b
2184,Noam Chomsky
2185,Hurricane Lenny
2186,Ming Dynasty
2187,Jehovah
2188,Nematode
2189,Planetary habitability
2190,"Frederick Hamilton-Temple-Blackwood, 1st Marquess of Dufferin and Ava"
2191,Myers-Briggs Type Indicator
2192,The Old Man and the Sea
2193,Old Nubian language
2194,Felix Mendelssohn
2195,Senufo languages
2196,X Window core protocol
2197,Nash equilibrium
2198,Auckland
2199,Johannes Kepler
2200,Wigeon
2201,Westminster System
2202,Roentgenium
2203,Uzbekistan
2204,Batman
2205,Maldives
2206,Vitamin
2207,Acorn Computers
2208,Santorini
2209,Western painting
2210,Krag-Jørgensen
2211,John A.T. Robinson
2212,Mammal
2213,Royal Grammar School Worcester
2214,Pedro del Valle
2215,Lego
2216,Pyramid
2217,Eye
2218,"Newark, New Jersey"
2219,Chinese Rites controversy
2220,Sea
2221,Pernicious anemia
2222,Treasure Island
2223,Tansy
2224,Wasp
2225,Suikinkutsu
2226,Humbert Roque Versace
2227,HD 209458 b
2228,Accra
2229,Forth Road Bridge
2230,HD 217107 c
2231,Indian Ocean
2232,Baruch Spinoza
2233,Social capital
2234,Agnosticism
2235,Capitoline Triad
2236,English monarchs family tree
2237,Cactus
2238,History of democracy
2239,Melbourne
2240,Sydney Newman
2241,Sultan
2242,Light
2243,Chiltern Hills
2244,Beer
2245,FIFA World Cup
2246,The Simpsons
2247,Quantum chemistry
2248,Benjamin Britten
2249,Disneyland Railroad
2250,Tokelau
2251,The Beatles discography
2252,Søren Kierkegaard
2253,"Trinity College, Cambridge"
2254,Strontium
2255,University of Cambridge
2256,Onion dome
2257,Tropical Storm Allison
2258,Bangkok
2259,Faroe Islands
2260,Ganges River
2261,Lake Titicaca
2262,Avon Gorge
2263,Chicago
2264,Durham Cathedral
2265,Political science
2266,Restoration literature
2267,Christmas Island
2268,Surtsey
2269,GNU
2270,Lens (anatomy)
2271,Ralph Nader
2272,Winfield Scott (ship)
2273,Felix the Cat
2274,Manifest Destiny
2275,Auguste Rodin
2276,Apatosaurus
2277,Hundred Years' War
2278,Louis Jordan
2279,Arts and crafts
2280,Cyprus
2281,Number
2282,Modernist poetry in English
2283,Three Laws of Robotics
2284,São Tomé and Príncipe
2285,Mineral
2286,Erbium
2287,John Millington Synge
2288,Functional programming
2289,Integrated circuit
2290,Acetone
2291,Soukous
2292,University of Texas at Austin
2293,White Mountain art
2294,Capacitance
2295,Bodyline
2296,Idit Harel Caperton
2297,William Harvey
2298,Coffee
2299,Starship Troopers
2300,Eldfell
2301,Milkshake
2302,One Flew Over the Cuckoo's Nest (novel)
2303,Djibouti
2304,William III of England
2305,Spring Heeled Jack
2306,Shanghai
2307,African Buffalo
2308,Stickleback
2309,Nepal
2310,Atlantis
2311,Bluegrass music
2312,Akrotiri and Dhekelia
2313,Zambia
2314,"Columbus, Ohio"
2315,Anemia
2316,Algeria
2317,Ramsgate
2318,GNU Project
2319,List of monarchs in the British Isles
2320,Nahuatl language
2321,Das Kapital
2322,HMS E18
2323,List of popes
2324,Archaeopteryx
2325,Steve Davis
2326,Kiribati
2327,Scramble for Africa
2328,Ocean
2329,Manorialism
2330,Henri Matisse
2331,Podcasting
2332,Cambridge
2333,William Edington
2334,North Sea
2335,Seinfeld
2336,Demosthenes
2337,Virgil
2338,Old Swiss Confederacy
2339,Kochi (India)
2340,Lake Chad
2341,Sino-German cooperation (1911-1941)
2342,Ytterbium
2343,Comet Halley
2344,Funchal
2345,Holkham Hall
2346,Animation
2347,Sparrowhawk
2348,Saxophone
2349,Hebrides
2350,Mark Webber
2351,Gypsum
2352,The Merchant of Venice
2353,Mammoth Cave National Park
2354,Mount Kilimanjaro
2355,The Marriage of Figaro
2356,Indricotherium
2357,Natural gas
2358,Iraq and weapons of mass destruction
2359,San Marino
2360,French language
2361,Tofu
2362,Nuclear power
2363,Odysseus
2364,Internet
2365,Archbishop of Canterbury
2366,Victoria Cross
2367,High German consonant shift
2368,Wolverine
2369,Terbium
2370,Islamic republic
2371,Day
2372,Davis Cup
2373,Martin Luther
2374,Tropical Storm Ana (2003)
2375,Caesium fluoride
2376,Turner syndrome
2377,Scottish Episcopal Church
2378,Speed of light
2379,Amda Seyon I
2380,Global city
2381,Alice's Adventures in Wonderland
2382,Tim Berners-Lee
2383,Flute
2384,Ice
2385,Space Shuttle program
2386,Screw
2387,Karl Marx
2388,Bogotá
2389,Black panther
2390,Measurement
2391,Raven
2392,Space exploration
2393,Titanosauridae
2394,Poison gas in World War I
2395,Basking shark
2396,Extraterrestrial life
2397,Pneumonia
2398,Technology
2399,Cotopaxi
2400,Saint Petersburg
2401,Isan
2402,Windows 2000
2403,55 Cancri b
2404,Control car (rail)
2405,Prime number
2406,Selena
2407,Mount Nyiragongo
2408,Split infinitive
2409,Lhasa
2410,Ice hockey
2411,French Southern and Antarctic Lands
2412,Henry III of England
2413,Vanuatu
2414,Reptile
2415,Moon landing
2416,Weston-super-Mare
2417,Amaranth oil
2418,Acid rain
2419,Svartálfar
2420,Bismuth
2421,Kubla Khan
2422,Third Servile War
2423,Niels Bohr
2424,Oil painting
2425,Tropical Storm Bilis (2006)
2426,Eruption column
2427,The Hobbit
2428,Tern
2429,Carl Jung
2430,Hugo Wolf
2431,Zara Yaqob
2432,Phineas Gage
2433,Lima
2434,Sears Catalog Home
2435,African Brush-tailed Porcupine
2436,Finland
2437,Pashtun people
2438,Biotechnology
2439,Oregano
2440,Southampton
2441,Renormalization
2442,Chemical synapse
2443,Odyssey
2444,Economics
2445,Color
2446,Sakurajima
2447,Henry H. Rogers
2448,Xanadu House
2449,Solar System
2450,Edward IV of England
2451,Black Rhinoceros
2452,Autumn
2453,Lincoln Town Car
2454,Anglican Communion
2455,Caracas
2456,Ecuador
2457,London Underground
2458,Economy of the Iroquois
2459,Indian cricket team
2460,Stephen Harper
2461,David Beckham
2462,Beaver
2463,Royal Parks of London
2464,Autostereogram
2465,Nitrification
2466,Lighting designer
2467,Dayuan
2468,Steel
2469,Microraptor
2470,Geneva
2471,Mary Kingsley
2472,Nauru
2473,Astronomy
2474,Atheism
2475,Sun Yat-sen
2476,Sea level rise
2477,LANSA Cuzco Crash
2478,The Lorax
2479,Thomas Cranmer
2480,Cristero War
2481,Jackie Robinson
2482,United Kingdom national football team
2483,Dominican Republic
2484,Oliver Twist
2485,Kyoto Protocol
2486,White's Tree Frog
2487,Kofi Annan
2488,Mount Unzen
2489,Papal conclave
2490,David Blanchflower
2491,Tiktaalik
2492,Carboniferous
2493,Bohemian Rhapsody
2494,Goldfish
2495,Hänsel und Gretel
2496,Khartoum
2497,Sydney Riot of 1879
2498,Judaism
2499,American English
2500,Lithuania
2501,Simca Vedette
2502,John Sentamu
2503,Nationality
2504,Endoscopic foreign body retrieval
2505,Hudson Bay
2506,Flag of Hong Kong
2507,Grand Central Terminal
2508,Napoleon I of France
2509,Star Trek  Deep Space Nine
2510,John Dee
2511,Armadillo
2512,Thomas Aquinas
2513,Barbary Macaque
2514,History of merit badges (Boy Scouts of America)
2515,Macintosh
2516,Chives
2517,Church of England
2518,George Eliot
2519,Commodore 64
2520,Neoclassicism
2521,Manuel I Komnenos
2522,8th century
2523,Toluene
2524,Lake Superior
2525,Victor Hugo
2526,Netball
2527,Drama
2528,Knights of Columbus
2529,Joseph Haydn
2530,Suleiman the Magnificent
2531,Hampstead Heath
2532,Sri Lankan Civil War
2533,Perfect number
2534,Great hammerhead
2535,Rose-ringed Parakeet
2536,John Bull (locomotive)
2537,Augustus
2538,San Diegan
2539,Abu Dhabi
2540,George Herbert
2541,Harvest
2542,Mummy
2543,Nobiin language
2544,African Union
2545,Astatine
2546,Derby
2547,Industry
2548,Great Wall of China
2549,Fencing
2550,Cardiff
2551,Ancient history
2552,Sumatra
2553,Johann Pachelbel
2554,Myocardial infarction
2555,Columba
2556,Greek mythology
2557,Swedish allotment system
2558,Common Eland
2559,Crohn's disease
2560,Pac-Man
2561,Continental crust
2562,Sculpture
2563,Iron Mike
2564,Margin of error
2565,East Timor
2566,Dover
2567,Mary Somerville
2568,Humour
2569,Cubism
2570,Soil salination
2571,Almond
2572,Frank Lloyd Wright
2573,Shetland
2574,Weight training
2575,Textile
2576,Black Sea
2577,History of Cape Colony from 1806 to 1870
2578,African clawed frog
2579,Blackbird
2580,Albertosaurus
2581,Common Hazel
2582,Douglas Adams
2583,Music of the United States
2584,Gordon Griffith
2585,Great Lakes
2586,Khazars
2587,Helsinki
2588,Acetic acid
2589,List of minerals
2590,Watercolor painting
2591,John Calvin
2592,Michelangelo
2593,Fiction
2594,"Benjamin Disraeli, 1st Earl of Beaconsfield"
2595,Stephen Trigg
2596,Guqin
2597,WorkChoices
2598,Northern Ireland
2599,World War II
2600,Inner Hebrides
2601,Brabantian
2602,Trabancos River
2603,The Last Supper (Leonardo)
2604,Currency
2605,Jaws (film)
2606,Tropical Storm Leslie (2000)
2607,Sweden
2608,Morocco
2609,Invasion
2610,Protactinium
2611,German language
2612,Inductance
2613,Bald Eagle
2614,Evan Rachel Wood
2615,Thrasybulus
2616,Lake Toba
2617,Dove
2618,"Carolingian Gospel Book (British Library, MS Add. 11848)"
2619,Agamemnon
2620,Cataract surgery
2621,Lost (TV series)
2622,Papua New Guinea
2623,Myxobolus cerebralis
2624,Comoros
2625,Mount Everest
2626,Attila the Hun
2627,Akkadian Empire
2628,Seed
2629,Cologne
2630,King Arthur
2631,Infrastructure
2632,Sheffield
2633,Avalanche
2634,Effects of nuclear explosions
2635,Tutsi
2636,You're Still the One
2637,"Nashville, Tennessee"
2638,Salford
2639,The Mismeasure of Man
2640,Canadian Pacific Railway
2641,Stroke
2642,Amsterdam
2643,Carlsbad Caverns National Park
2644,Stonehenge
2645,Monty Python
2646,Gliding
2647,Bamako
2648,Down syndrome
2649,Group (mathematics)
2650,Makuria
2651,Star Trek  The Original Series
2652,Mary I of Scotland
2653,Rockall
2654,Germanium
2655,Niue
2656,PSR B1620-26c
2657,Edward the Confessor
2658,Nintendo DS
2659,Somalia
2660,1755 Lisbon earthquake
2661,Planet
2662,Margaret Sanger
2663,M*A*S*H (TV series)
2664,Double bass
2665,Isaac Asimov
2666,Statue of Zeus at Olympia
2667,Ukulele
2668,X Window System
2669,Canberra
2670,Nephron
2671,Psychology
2672,Tottenham Hotspur F.C.
2673,Spring (season)
2674,Póvoa de Varzim
2675,Goa
2676,Reed Bunting
2677,Extinct birds
2678,Henry Morton Stanley
2679,Korea
2680,Giant Panda
2681,Trench warfare
2682,Jordanhill railway station
2683,Order of St. Patrick
2684,Manchester United F.C.
2685,Maxwell's equations
2686,National Hockey League
2687,Parthenon
2688,Ipswich
2689,Norway
2690,Argentina
2691,Upsilon Andromedae c
2692,Ike Altgens
2693,Anatomy
2694,Schrödinger equation
2695,1 Ceres
2696,Estonia
2697,4-6-0
2698,The Wall Street Journal
2699,Typhoon Saomai (2006)
2700,Blackjack
2701,Bjørnøya
2702,Thorium
2703,Mormon Trail
2704,Charles Darwin
2705,Norman conquest of England
2706,Battle of Sitka
2707,Paricutín
2708,United States Constitution
2709,Folic acid
2710,Hamilton-Burr duel
2711,Battle of France
2712,Édouard Manet
2713,The Rite of Spring
2714,Super 14
2715,Ammonite
2716,Horse
2717,Vancouver
2718,Lake Vostok
2719,EMD F7
2720,Glaciology
2721,Primula
2722,Tooth development
2723,Hurricane Katrina
2724,Tel Aviv
2725,Ray of Light
2726,Diego Maradona
2727,Encyclopædia Britannica
2728,Sharon Tate
2729,Fertile Crescent
2730,Soybean
2731,Hurricane Floyd
2732,Herrerasaurus
2733,Palladian architecture
2734,Hoover Dam
2735,Globe Theatre
2736,Great Bustard
2737,Martina Navratilova
2738,Giant Eland
2739,Marshall Plan
2740,Sand art and play
2741,Tashkent
2742,Thulium
2743,Greek War of Independence
2744,SR-71 Blackbird
2745,Pan Am Flight 103
2746,Norfolk
2747,Osama bin Laden
2748,History of Cape Colony from 1870 to 1899
2749,Ayaan Hirsi Ali
2750,Dam
2751,Ape
2752,Turkey (bird)
2753,Slovakia
2754,SD26
2755,Himalayas
2756,Stuttering
2757,Miles Davis
2758,Publishing
2759,Battle of Badr
2760,"Robert Baden-Powell, 1st Baron Baden-Powell"
2761,Donation
2762,Budapest
2763,Gallium
2764,Arctic Monkeys
2765,William Shakespeare
2766,Rosetta Stone
2767,Final Fantasy (video game)
2768,Renaissance
2769,Flat Earth
2770,Watch
2771,Seaborgium
2772,Gas
2773,Tunis
2774,Floppy disk
2775,Alternating current
2776,Buddhism
2777,Rock Pigeon
2778,Drosophila melanogaster
2779,Differential equation
2780,People's Republic of China
2781,Sulfuric acid
2782,Lagos
2783,Nirvana (band)
2784,Red Sea
2785,Soil
2786,Garage (dance music)
2787,Water purification
2788,Suburbs of Johannesburg
2789,Statistics
2790,Aral Sea
2791,East Flemish
2792,Canal
2793,Craters of the Moon National Monument and Preserve
2794,Battle of Jutland
2795,United States House of Representatives
2796,American Civil War
2797,Lake Edward
2798,Minmi (dinosaur)
2799,Eagle Scout (Boy Scouts of America)
2800,Bologna
2801,Scandium
2802,Yuri Knorosov
2803,Celtic Park
2804,Sheikh Mujibur Rahman
2805,Cerium
2806,Mestizo
2807,Consolation of Philosophy
2808,Jane Austen
2809,Hello Garci scandal
2810,Walt Disney
2811,Hip hop music
2812,Australian rules football
2813,OpenOffice.org
2814,Ludwig van Beethoven
2815,Milan
2816,Martinique
2817,"Horatio Nelson, 1st Viscount Nelson"
2818,Andrew Jackson
2819,Delhi
2820,Taoism
2821,"Denver, Colorado"
2822,Chew Valley Lake
2823,Eukaryote
2824,Epaminondas
2825,Henry Ford
2826,Shelduck
2827,Hurricane Andrew
2828,Distilled beverage
2829,Folklore
2830,"Detroit, Michigan"
2831,Nuthatch
2832,Bay Area Rapid Transit
2833,Dante Alighieri
2834,Tawny Owl
2835,Tiger shark
2836,Ruthenium
2837,Pottery
2838,Bicycle Thieves
2839,Sri Lanka
2840,Cell (biology)
2841,Romania
2842,Bristol
2843,Population history of American indigenous peoples
2844,Shaka
2845,Richard Nixon
2846,Empiricism
2847,Antimony
2848,Tiananmen Square protests of 1989
2849,Cook Islands
2850,Space Shuttle Columbia
2851,Magic  The Gathering
2852,Ceres (dwarf planet)
2853,John W. Campbell
2854,Fatty acid
2855,Recycling
2856,Banksy
2857,Tower of London
2858,History of the Grand Canyon area
2859,Radio telescope
2860,Domestic goat
2861,Mars Reconnaissance Orbiter
2862,Tropical Storm Odette (2003)
2863,HD 28185
2864,Persian Empire
2865,"Houston, Texas"
2866,Edward Gibbon
2867,Durian
2868,Hindi
2869,Peaceful coexistence
2870,Herring Gull
2871,Italian War of 1521
2872,List of African countries
2873,Mao Zedong
2874,90377 Sedna
2875,Sunlight
2876,Muhammad ibn Musa al-Khwarizmi
2877,Quito
2878,Roman villa
2879,Basilica of San Francesco d'Assisi
2880,Francis Crick
2881,Ferdinandea
2882,Tungsten
2883,Earthquake
2884,Stourbridge Lion
2885,Music of Spain
2886,Agriculture
2887,Kaffir lime
2888,Royal Dutch Shell
2889,Eye (cyclone)
2890,Ishango bone
2891,United Nations
2892,Six-party talks concerning North Korea's nuclear program
2893,Bantu
2894,Political economy
2895,Newcastle upon Tyne
2896,Color blindness
2897,Tony Blair
2898,Mahabharata
2899,John Locke
2900,Crime
2901,Where Did Our Love Go
2902,Supply chain management
2903,Dr. Seuss
2904,New York City
2905,RMS Titanic
2906,The Brothers Karamazov
2907,Seoul
2908,Recorder
2909,Athletics (track and field)
2910,Neptunium
2911,Volcanic pipe
2912,Silicon
2913,Margaret Thatcher
2914,Vulgar Latin
2915,Greece
2916,Humpback Whale
2917,Local government in the United Kingdom
2918,Barracuda
2919,Wikimedia Foundation
2920,Brighton
2921,Short-beaked Echidna
2922,Electrical engineering
2923,Royal National Theatre
2924,List of Test cricket triple centuries
2925,Rainhill Trials
2926,"El Hatillo Municipality, Miranda"
2927,Canterbury
2928,History of Portugal (1777–1834)
2929,Avacha Volcano
2930,Plate tectonics
2931,Lake Burley Griffin
2932,Epic of Gilgamesh
2933,Maputo
2934,John Adams
2935,Alcohol
2936,Socialism
2937,Cædmon
2938,Desmond Tutu
2939,Andrew Dickson White
2940,Mary II of England
2941,Galerina
2942,Electron
2943,Skylark
2944,Battle of Grunwald
2945,Aquarium
2946,Charles Babbage
2947,Despotism
2948,Allegory in the Middle Ages
2949,Belize
2950,Gustav Holst
2951,Thomas Samuel Kuhn
2952,Las Palmas de Gran Canaria
2953,Sugar
2954,Albinism
2955,Iraq War
2956,Bay of Bengal
2957,Edgar Allan Poe
2958,Corundum
2959,Franklin B. Gowen
2960,Friend Directdebit
2961,X Window System protocols and architecture
2962,Great Crested Grebe
2963,American popular music
2964,Ammonia
2965,Turquoise
2966,Black-footed Cat
2967,Sauropodomorpha
2968,Marxism
2969,The Godfather
2970,Shenzhou 6
2971,Decade Volcanoes
2972,Desert locust
2973,Pelé
2974,Battle of Stalingrad
2975,Palm oil
2976,Shrine of Remembrance
2977,Moon
2978,Nostradamus
2979,47 Ursae Majoris b
2980,Philosophiae Naturalis Principia Mathematica
2981,Zinc chloride
2982,Maglev train
2983,Brunei
2984,Paul Cézanne
2985,Gliese 876 c
2986,United Kingdom
2987,Zebra shark
2988,Abidjan
2989,Basilica of Santa Maria degli Angeli
2990,Battle of Moscow
2991,Israel
2992,Great Spotted Woodpecker
2993,Iguanodon
2994,Australia
2995,Baden-Powell House
2996,Beirut
2997,Missouri River
2998,Dog
2999,The Oz books
3000,Foie gras
3001,Republic of China
3002,Rio de Janeiro
3003,Michael Jordan
3004,Caribbean Sea
3005,Applied mathematics
3006,Maseru
3007,El Aaiún
3008,Menstrual cycle
3009,Humus
3010,Sumo
3011,Sickle-cell disease
3012,16 Cygni Bb
3013,"Tenzin Gyatso, 14th Dalai Lama"
3014,Hawk-Eye
3015,Fetal alcohol spectrum disorder
3016,Gliese 876 d
3017,T-34
3018,Formula One
3019,Electronics
3020,I Want to Hold Your Hand
3021,Constructivism (art)
3022,Muttaburrasaurus
3023,Gossypium
3024,Oppression
3025,J. K. Rowling
3026,Banana
3027,Muhammad Ali
3028,Ice sheet
3029,Full moon
3030,The Anarchy
3031,Stag beetle
3032,Yorkshire Dales
3033,Lung cancer
3034,Éire
3035,Children's Crusade
3036,Backgammon
3037,Numismatics
3038,Einsteinium
3039,Byzantine Empire
3040,Johnny Appleseed
3041,Rondane National Park
3042,Vitamin D
3043,Rapping
3044,Charles Sumner
3045,Henry I of England
3046,Compact Disc
3047,Linear algebra
3048,Nine Million Bicycles
3049,Commonwealth Games
3050,Rule of St Benedict
3051,Criticism of the War on Terrorism
3052,Angola
3053,San Francisco garter snake
3054,Gold
3055,Common Eider
3056,Stephen Hawking
3057,Iron(III) chloride
3058,Malcolm II of Scotland
3059,Convention on the Rights of the Child
3060,Cairo
3061,Iron Age
3062,Italo disco
3063,Fiji
3064,African slave trade
3065,Super Chief
3066,Ulysses S. Grant
3067,Boundary Waters Canoe Area Wilderness
3068,Glynn Lunney
3069,Angkor
3070,Salvador Dalí
3071,Barley
3072,John Howard
3073,History of the Australian Capital Territory
3074,Battle of Tours
3075,Isaac Brock
3076,Vincent van Gogh
3077,Mandan
3078,African dwarf frog
3079,Libreville
3080,A Christmas Carol
3081,Insulin
3082,American football
3083,Working poor
3084,Post-glacial rebound
3085,12th century
3086,Robert Stephenson
3087,Nobel Peace Prize
3088,Cubeb
3089,The Holocaust
3090,Erie Canal
3091,Creation-evolution controversy
3092,Rock Bunting
3093,Planetary nebula
3094,The Adventures of Tintin
3095,Floyd Mayweather Jr.
3096,Pere Marquette 1225
3097,Jerry Fodor
3098,Life
3099,Educational psychology
3100,Tehran
3101,Robert Peel
3102,Space Shuttle Challenger disaster
3103,Pig
3104,Chimpanzee
3105,Jacobite rising
3106,Attack on Pearl Harbor
3107,Niagara Falls
3108,Great Red Spot
3109,Bird migration
3110,Apollo 8
3111,"Santiago, Chile"
3112,Llywelyn the Great
3113,British House of Commons
3114,16 Cygni
3115,Natalie Portman
3116,Board game
3117,Venn diagram
3118,Cat Stevens
3119,Romeo and Juliet
3120,Cereal
3121,Pochard
3122,Weather forecasting
3123,Katyn massacre
3124,Curium
3125,Arable land
3126,Momentum
3127,Andrés Nocioni
3128,Condoleezza Rice
3129,War
3130,Saint Vincent and the Grenadines
3131,Hrafnkels saga
3132,Space Shuttle Endeavour
3133,Intelligence
3134,Quantum mechanics
3135,Viking
3136,British Virgin Islands
3137,John Vanbrugh
3138,Top of the Pops
3139,Tuberculosis
3140,Tree Sparrow
3141,Toraja
3142,Abadan
3143,Battle of Britain
3144,The Catcher in the Rye
3145,Tropical Storm Harvey (2005)
3146,Enceladus (moon)
3147,Democratic Action Party
3148,Crow
3149,3 Juno
3150,Fedora Core
3151,Ubuntu (Linux distribution)
3152,Perl
3153,Massospondylus
3154,Meteorology
3155,Water Buffalo
3156,Poland
3157,Philip II of Spain
3158,Babe Ruth
3159,Semiconductor
3160,Edwin of Northumbria
3161,2005 Sumatra earthquake
3162,Strait of Malacca
3163,White-tailed Eagle
3164,Folk music
3165,History of South Africa in the apartheid era
3166,Osiris
3167,Linux
3168,Crab Nebula
3169,Soddo language
3170,Craton
3171,Saint Kitts and Nevis
3172,Ladysmith Black Mambazo
3173,Prospecting
3174,Cricket
3175,Zachary Taylor
3176,Ateneo de Manila University
3177,Thermodynamics
3178,William II of England
3179,Van Halen
3180,Big Bang
3181,Elizabethan Poor Law (1601)
3182,Necktie
3183,Sikkim
3184,Pennsylvania Railroad
3185,Black hole
3186,United for Peace and Justice
3187,Amish
3188,Jocelin
3189,Yellow River
3190,Logistics
3191,Kuiper belt
3192,Elementary algebra
3193,Google
3194,Cayman Islands
3195,Evanton
3196,"Las Vegas, Nevada"
3197,Chester A. Arthur
3198,Coal
3199,Thomas Jefferson
3200,Nuclear fission
3201,Troop sleeper
3202,Music of the Lesser Antilles
3203,Argan
3204,Plover
3205,Fluorine
3206,Chris Evert
3207,Mars
3208,Energy
3209,Bohor Reedbuck
3210,Treaty of Versailles
3211,Hatshepsut
3212,El Niño-Southern Oscillation
3213,Glass
3214,Eurasian Eagle Owl
3215,Defense of Sihang Warehouse
3216,Symmetry
3217,Newsround
3218,Richard II of England
3219,Severn crossing
3220,Electric field
3221,Volga River
3222,Cape Verde
3223,Football (soccer)
3224,Esox
3225,Bahrain
3226,Battle of the Somme (1916)
3227,Battle of Normandy
3228,"Charles V, Holy Roman Emperor"
3229,Double-decker bus
3230,Snaefell Mountain Railway
3231,The Catlins
3232,Giraffe
3233,Jack Kerouac
3234,Owl
3235,Bacteria
3236,Buenos Aires
3237,Northern Mariana Islands
3238,Gibraltar
3239,Samuel Taylor Coleridge
3240,Malawi
3241,Crystallographic defects in diamond
3242,Raising the Flag on Iwo Jima
3243,Banjul
3244,Eagle
3245,British Isles
3246,Patna
3247,Antonín Dvořák
3248,Regent's Park
3249,Europium
3250,Arabic language
3251,Silurian
3252,Cape Lion
3253,Irish theatre
3254,John Constable
3255,Mount Pinatubo
3256,C. S. Lewis
3257,Kangaroo
3258,Struthiomimus
3259,Scott Special
3260,Paul Dirac
3261,M-10001
3262,Lake District
3263,Tennis Masters Cup
3264,Gulf of Mexico
3265,Chew Magna
3266,Tijuana
3267,Gallery of the Kings and Queens of England
3268,Second Congo War
3269,Scotland in the High Middle Ages
3270,Angkor Wat
3271,Gowanus Canal
3272,Ordinal number
3273,Cystic fibrosis
3274,Company (law)
3275,Cape Town
3276,Bob Marley
3277,Ethnic group
3278,Absolute zero
3279,Exploration of Mars
3280,Spinosaurus
3281,Shielded metal arc welding
3282,Hyena
3283,Alexander the Great
3284,Wind
3285,Pygmy Hippopotamus
3286,Sperm Whale
3287,Peanut
3288,Common agouti
3289,Constantine I
3290,Donald Duck
3291,Cape Porcupine
3292,Crusades
3293,Eurasian Jay
3294,Battle of the Bulge
3295,Spanish Inquisition
3296,Eyelid
3297,Soil moisture
3298,The X-Files
3299,Iron
3300,The Dandy
3301,Borage
3302,Norse mythology
3303,Coupling (railway)
3304,Architecture of the California missions
3305,Comet Hale-Bopp
3306,Cultural identity
3307,Meat
3308,Praia
3309,"Boston, Massachusetts"
3310,Cretaceous-Tertiary extinction event
3311,United States dollar
3312,John W. Johnston
3313,Esperanto
3314,Falcon
3315,International Space Station
3316,Wood
3317,Cornea
3318,John McEnroe
3319,Capital
3320,The West Wing (TV series)
3321,Antananarivo
3322,King Kong (1933 film)
3323,Miranda Otto
3324,Lake Powell
3325,Queen (band)
3326,Willem Barents
3327,African Great Lakes
3328,The Origin of Species
3329,Buckingham Palace
3330,Music of Barbados
3331,Logic
3332,Aarhus
3333,Hampshire
3334,"San Jose, California"
3335,British English
3336,Abkhazia
3337,Optical telescope
3338,List of Canadian provinces and territories by area
3339,Liberal Democrats
3340,Sigmund Freud
3341,15th century
3342,Final Fantasy Adventure
3343,Battle of Austerlitz
3344,Outer Hebrides
3345,Turkmenistan
3346,Friedrich Nietzsche
3347,World War I
3348,Ununpentium
3349,Lithium
3350,U.S. Open (tennis)
3351,Nazism
3352,Philosophy of mind
3353,Madrid
3354,4-4-0
3355,Platinum
3356,Blitzkrieg
3357,Mentha
3358,Henry VIII of England
3359,Gravitation
3360,Buffy the Vampire Slayer
3361,Hiroh Kikai
3362,J. J. Thomson
3363,Elephant
3364,Waheguru
3365,Actor
3366,Harry S. Truman
3367,Mount Rainier
3368,Musical instrument
3369,Trade union
3370,Andrew Johnson
3371,Vestigial structure
3372,Mahmoud Abbas
3373,Technetium
3374,Morris dance
3375,Whitney Joins The JAMs
3376,The Curious Incident of the Dog in the Night-time
3377,Crash test dummy
3378,Stanisław Koniecpolski
3379,Intel Corporation
3380,Mechanical work
3381,Tripoli
3382,Sutton Hoo
3383,Mitochondrion
3384,European Kingfisher
3385,Lightning rod
3386,William and Mary
3387,History of Anglo-Saxon England
3388,São Tomé
3389,Helen
3390,Yellow fever
3391,The Waste Land
3392,Henry IV of England
3393,Boston Terrier
3394,Kigo
3395,Australian Green Tree Frog
3396,Sphere
3397,Landscape
3398,Russian constitutional crisis of 1993
3399,Venus
3400,Wars of Castro
3401,Tour de France
3402,Oman
3403,Convention on the International Trade in Endangered Species of Wild Flora and Fauna
3404,Nouakchott
3405,The Hague
3406,Isospin
3407,Supply and demand
3408,Sudanic languages
3409,"History of Miami, Florida"
3410,Abraham Lincoln
3411,Zürich
3412,Scattered disc
3413,Socrates
3414,Edmonton
3415,Book
3416,River Thames
3417,Silent film
3418,Modern history
3419,Rock of Gibraltar
3420,Crimson-collared Tanager
3421,Neil Armstrong
3422,Indian Peafowl
3423,Mausoleum of Maussollos
3424,Bog
3425,Igor Stravinsky
3426,Cambrian
3427,Stargate SG-1
3428,Deity
3429,Magma
3430,Spotted Flycatcher
3431,Gadolinium
3432,2005 Kashmir earthquake
3433,Weather
3434,Pennine Way
3435,Scurvy
3436,Anthony van Dyck
3437,Saint Lucia
3438,Max Planck
3439,Microscope
3440,Battle of the Santa Cruz Islands
3441,Earl of Shaftesbury
3442,Fed Cup
3443,Bird of prey
3444,Hafnium
3445,Lesotho
3446,Minnesota
3447,United States Bill of Rights
3448,Parsnip
3449,Denis Law
3450,Wikispecies
3451,Hutu
3452,Red giant
3453,Edward Jenner
3454,Peace
3455,Berkelium
3456,Brussels
3457,Bongo (antelope)
3458,Colditz Castle
3459,Spider
3460,StarCraft
3461,Birmingham
3462,Leo (constellation)
3463,Caroline Island
3464,Pedagogy
3465,Plains Zebra
3466,Karachi
3467,German reunification
3468,Binomial nomenclature
3469,Jacob Riis
3470,Mount St. Helens
3471,Osprey
3472,Precambrian
3473,Guinea-Bissau
3474,2005 Lake Tanganyika earthquake
3475,Amazon parrot
3476,David III of Tao
3477,Australian English
3478,Chromatophore
3479,Shroud of Turin
3480,Ultraviolet
3481,List of world's largest lakes
3482,Climate change
3483,South China Sea
3484,Boa
3485,Ku Klux Klan
3486,Florida
3487,Middle Ages
3488,Stem cell
3489,Rembrandt
3490,René Descartes
3491,Organization
3492,Andromeda Galaxy
3493,Dingo
3494,Zion National Park
3495,Eastern Roman Empire
3496,Emotion
3497,Central processing unit
3498,Social contract (Malaysia)
3499,Song Thrush
3500,Merseburg Incantations
3501,Nightingale
3502,Cloud
3503,Westminster Abbey
3504,Nikola Tesla
3505,Aristotle
3506,Lomé
3507,Caloris Basin
3508,Karl Popper
3509,Chinyingi
3510,Nitrogen
3511,Phla-Pherá languages
3512,Eritrea
3513,Pinworm
3514,Elizabeth II of the United Kingdom
3515,55 Cancri
3516,Oil refinery
3517,Guernsey
3518,Hippocrates
3519,Celtic mythology
3520,Ununbium
3521,The Lord of the Rings
3522,Blue shark
3523,Confucianism
3524,Arthropod
3525,George W. Bush
3526,Ouagadougou
3527,Dik-dik
3528,Newspaper
3529,Tea
3530,Hammurabi
3531,Mahatma Gandhi
3532,Ziad Jarrah
3533,Airbus A380
3534,The Rime of the Ancient Mariner
3535,Alberto Santos-Dumont
3536,Electric charge
3537,Azerbaijani people
3538,Stage (theatre)
3539,Aluminium chloride
3540,Albatross
3541,Atlantic Ocean
3542,Yellowhammer
3543,Ottawa
3544,Yeti
3545,Colombia
3546,Battle of the Little Bighorn
3547,Children's rights movement
3548,William Butler Yeats
3549,Flamingo
3550,Music
3551,Fossil fuel
3552,Pablo Picasso
3553,Battle of Gettysburg
3554,House
3555,Sumac
3556,Race
3557,Helicobacter pylori
3558,Liberal democracy
3559,Opus Dei
3560,Tarragon
3561,European Space Agency
3562,Macau
3563,Auto racing
3564,Nitrogen fixation
3565,Wrestling
3566,William Gilbert
3567,British Indian Ocean Territory
3568,Cape Horn
3569,Electromagnetic radiation
3570,Physics
3571,North America
3572,Battle of Smolensk (1943)
3573,Hurricane Marty (2003)
3574,"Mount Osmond, South Australia"
3575,William Henry Harrison
3576,Ward Cunningham
3577,"Levee failures in Greater New Orleans, 2005"
3578,Roman law
3579,Gas metal arc welding
3580,Sudoku
3581,Dualism (philosophy of mind)
3582,Galápagos Islands
3583,Automobile
3584,Alliterative verse
3585,Abhidhamma Pitaka
3586,Oligocene
3587,Paprika
3588,Creationism
3589,Louis Freeh
3590,Ganesha
3591,Sino-Roman relations
3592,Bee
3593,Herbivore
3594,Buddha
3595,Romulus Augustus
3596,Music of Hungary
3597,Ireland King of Arms
3598,Simón Bolívar
3599,Siege
3600,National Anthem of Russia
3601,Jackal
3602,Fertilizer
3603,Fish
3604,Green Woodpecker
3605,Mamenchisaurus
3606,North Atlantic oscillation
3607,Serenity (film)
3608,List of lakes
3609,Transit of Venus
3610,Ancient Rome
3611,Jarvis Island
3612,Boron
3613,Pollinator decline
3614,Dinosaur
3615,Algoma Central Railway
3616,Lake Kivu
3617,Edmund Burke
3618,Heilbronn
3619,History of Earth
3620,Space Invaders
3621,Shackleton (crater)
3622,Venus and Adonis (opera)
3623,Accountancy
3624,Bull shark
3625,Ordovician
3626,Ariel Sharon
3627,Jimmy Wales
3628,Brabham
3629,Invertebrate
3630,Saturn V
3631,Navassa Island
3632,Linnet
3633,Music of Hawaii
3634,Macbeth
3635,Trans-Siberian Railway
3636,Calcium chloride
3637,Burkina Faso
3638,GlaxoSmithKline
3639,Fair Isle
3640,Rugby World Cup
3641,Chew Valley
3642,Doha
3643,Serbia
3644,Darth Vader
3645,Earless seal
3646,African Wild Dog
3647,Crimean Karaites
3648,Education
3649,Yotsuya Kaidan
3650,Copper(I) chloride
3651,History of Northwest Territories capital cities
3652,Galaxy
3653,Atonality
3654,Autocracy
3655,Linus Pauling
3656,Joan of Arc
3657,55 Cancri c
3658,Iraq
3659,Pterosaur
3660,Swan
3661,Thermodynamic temperature
3662,Bobcat
3663,Margate
3664,Salt
3665,Pelagic zone
3666,Bernard Hinault
3667,British Isles (terminology)
3668,African Jacana
3669,Glasses
3670,Mackenzie River
3671,Bushbuck
3672,The Children's Machine
3673,1896 Summer Olympics
3674,Polar coordinate system
3675,Cambrian explosion
3676,Kerala
3677,Economy of Pakistan
3678,The Lion King
3679,Union Station (San Diego)
3680,Jane Fonda
3681,Luxembourg (city)
3682,French Revolution
3683,British monarchy
3684,Barium
3685,Temperate
3686,Charles Dickens
3687,Bahamas
3688,World Bank Group
3689,Romanticism
3690,Toy Story
3691,Duchenne muscular dystrophy
3692,James D. Watson
3693,Austria
3694,Firecrest
3695,Swallow
3696,Aachen
3697,Galah
3698,Project MKULTRA
3699,List of European countries
3700,Directive Principles in India
3701,Poultry
3702,Genetic code
3703,Economy of Africa
3704,Åland
3705,Pliocene
3706,Sinclair Research Ltd
3707,John Tyler
3708,Arcadia (play)
3709,Helium
3710,Christina Aguilera
3711,Meteor shower
3712,African Darter
3713,Rowan Williams
3714,Pokémon Trading Card Game
3715,Amber
3716,Revolution
3717,River Severn
3718,Laika
3719,Beach
3720,BAE Systems
3721,Arnold Schwarzenegger
3722,Barnacle
3723,Bolivia
3724,Pentateuch
3725,Alphabet
3726,Hurricane Charley
3727,Typewriter
3728,Gauss's law
3729,Republic of the Congo
3730,Great Auk
3731,Bangalore
3732,Utrecht (city)
3733,Finance
3734,Linguistics
3735,Contact lens
3736,Sun Tzu
3737,Italy
3738,Dead Sea scrolls
3739,Jórvík
3740,Tropical cyclone
3741,Stegosaurus
3742,Stornoway
3743,Society
3744,July 2006 Java earthquake
3745,RSS (file format)
3746,George H. W. Bush
3747,The Blitz
3748,List of countries
3749,Anarchism
3750,Civil rights
3751,Atom
3752,Time zone
3753,Scots language
3754,Kakapo
3755,Ordination of women
3756,Vernon Kell
3757,Juvenile delinquency
3758,Neil Young
3759,Chartism
3760,Apostolic Succession
3761,Ethanol
3762,Boolean logic
3763,Neodymium
3764,Björn Borg
3765,Oxbow lake
3766,Sumer
3767,Galileo Galilei
3768,Maghreb
3769,Warren G. Harding
3770,Apollo
3771,Polymerase chain reaction
3772,Antwerp
3773,South Ossetia
3774,Game
3775,Uranus
3776,Oxford
3777,Oslo
3778,Durham
3779,Western Roman Empire
3780,Indonesia
3781,Flag of Mexico
3782,Leonhard Euler
3783,Superconductivity
3784,Order of the Bath
3785,African American literature
3786,Mekong
3787,Bird
3788,Oasis (band)
3789,Sound
3790,Gettysburg Address
3791,2004 Indian Ocean earthquake
3792,Winston Tunnel
3793,Feather
3794,Leonardo da Vinci
3795,Angelica
3796,Civil society
3797,Tanzania
3798,List of areas in the National Park System of the United States
3799,Geography of Texas
3800,Telecommunication
3801,Phoenix Zoo
3802,Code of Hammurabi
3803,Kazakhstan
3804,Haji Mohammad Suharto
3805,Henry Morrison Flagler
3806,Nicobar Long-tailed Macaque
3807,Maiasaura
3808,Igneous rock
3809,Gaborone
3810,James II of England
3811,Music of Martinique and Guadeloupe
3812,Parliament of Malaysia
3813,Mancala
3814,CPU cache
3815,Church of Ireland
3816,Grange Hill
3817,History of Limerick
3818,Sgt. Pepper's Lonely Hearts Club Band
3819,The Smiths
3820,Persian Gulf
3821,Trojan War
3822,Leeds
3823,Trout
3824,Alzheimer's disease
3825,Marc Pugh
3826,4 Vesta
3827,Mallard
3828,2-6-0
3829,Greenhouse effect
3830,Lanthanum
3831,Wild cat
3832,Diffuse interstellar band
3833,The Importance of Being Earnest
3834,Black Seminoles
3835,Abraham Goldfaden
3836,Chlorine
3837,"Augusta, Lady Gregory"
3838,Fascism
3839,Columbia River
3840,Sanssouci
3841,Switzerland
3842,The Seagull
3843,James Garfield
3844,Meander
3845,Quantity
3846,Asparagus
3847,Avocado
3848,Cholera
3849,Humanism
3850,Common Cuckoo
3851,"San Francisco, California"
3852,Sequoia
3853,Poetry of the United States
3854,Scottish Highlands
3855,Svalbard
3856,Fyodor Dostoevsky
3857,Tribe
3858,Qin Dynasty
3859,BBC television drama
3860,Vulture
3861,Fungus
3862,Botany
3863,Parliamentary system
3864,Panama
3865,Lake Baikal
3866,Transport
3867,Australian constitutional law
3868,"Martin Luther King, Jr."
3869,Super Mario 64
3870,Dark Ages
3871,Ant
3872,1997 Pacific hurricane season
3873,2005 Atlantic hurricane season
3874,Lunar eclipse
3875,French Open (tennis)
3876,TeX
3877,Meningitis
3878,Music of Ireland
3879,Ringed Plover
3880,Eurasian Oystercatcher
3881,Costume design
3882,Meteor
3883,Radish
3884,ALCO FA
3885,Calcium
3886,Lake Kariba
3887,Guglielmo Marconi
3888,Mosaic
3889,Togo
3890,Rabat
3891,Greg LeMond
3892,Beatles for Sale
3893,Hurricane Gloria
3894,Elvis Presley
3895,Radium
3896,"Armand Jean du Plessis, Cardinal Richelieu"
3897,Naked Mole Rat
3898,Winston Churchill
3899,William Pitt the Younger
3900,Odin
3901,Birth control
3902,Anglicanism
3903,Parliament of Canada
3904,Jackdaw
3905,National parks of England and Wales
3906,Investment banking
3907,Thomas Hobbes
3908,Yellowstone National Park
3909,Krill
3910,Oceanography
3911,Du Fu
3912,Caratacus
3913,Cattle
3914,Woodrow Wilson
3915,Plesiosaur
3916,Chess
3917,Computer programming
3918,List of elements by name
3919,Kīlauea
3920,Honduras
3921,Saudi Arabia
3922,Franz Kafka
3923,Andriyivskyy Descent
3924,Pony
3925,Automatic number plate recognition
3926,Phosphoryl chloride
3927,Wheat
3928,Spyware
3929,Chepstow Bridge
3930,Fort de Chartres
3931,Genetics
3932,Osmium
3933,Philadelphia
3934,Open cluster
3935,Oxyrhynchus
3936,Chordate
3937,Gustavus Franklin Swift
3938,Betelgeuse incident
3939,Tamarind
3940,Gentoo penguin
3941,Bandicoot
3942,Citizen Kane
3943,Istanbul
3944,Achilles tendon
3945,Leaning Tower of Pisa
3946,Thorax
3947,Tobacco smoking
3948,Tone cluster
3949,Pitcairn Islands
3950,Black pepper
3951,Iceland hotspot
3952,Special relativity
3953,Fidel Castro
3954,"The Championships, Wimbledon"
3955,John Maynard Keynes
3956,Snow
3957,England
3958,Volleyball
3959,Chinese language
3960,Nanomedicine
3961,Gas giant
3962,Rudyard Kipling
3963,Forensic facial reconstruction
3964,Canute the Great
3965,Mary Seacole
3966,William Renshaw
3967,Biosphere
3968,Burundi
3969,Spherical aberration
3970,Welding
3971,Kuwait City
3972,Opuntia imbricata
3973,Space Shuttle Challenger
3974,Extrasolar planet
3975,Project Vanguard
3976,Comet White-Ortiz-Bolelli
3977,Comma Johanneum
3978,Gull
3979,Worm
3980,Vegetable
3981,Herbert Hoover
3982,North Sea oil
3983,Hannibal Barca
3984,History of the Panama Canal
3985,Music of Albania
3986,Harry Potter
3987,Gorilla
3988,Asp (reptile)
3989,Telephone
3990,Snowball Earth
3991,Formic acid
3992,Titanium
3993,Water polo
3994,Alligator
3995,Mini
3996,Child
3997,E.T. the Extra-Terrestrial (Atari 2600)
3998,Black Wildebeest
3999,Constitutional monarchy
4000,Panama Canal
4001,Christian monasticism
4002,2nd century
4003,Portuguese language
4004,Tropical Storm Delta (2005)
4005,Floris and Blancheflour
4006,Iceland
4007,Cultural diversity
4008,Franklin D. Roosevelt
4009,Phoenix (spacecraft)
4010,Flood
4011,Cinema of the United States
4012,Tide
4013,Coin
4014,Heat
4015,Turkish Republic of Northern Cyprus
4016,Cyanocobalamin
4017,Falkland Islands
4018,São Paulo
4019,Edward Teller
4020,Wave
4021,Linus Torvalds
4022,Czech Republic
4023,7th century
4024,Wikisource
4025,History of the world
4026,Herbig-Haro object
4027,"Stanley, Falkland Islands"
4028,Volcano
4029,Renminbi
4030,Dartmoor
4031,Syria
4032,Money
4033,Pythagorean theorem
4034,Algiers
4035,Georgia (country)
4036,Cosmic inflation
4037,Semiconductor device
4038,Turks and Caicos Islands
4039,Malcolm III of Scotland
4040,Schizophrenia
4041,Pope Pius XII
4042,Great Pyramid of Giza
4043,Georg Forster
4044,Literacy
4045,Otter
4046,Global spread of H5N1
4047,Danske Statsbaner
4048,Boltysh crater
4049,Crimean War
4050,Augustan literature
4051,Louis Armstrong
4052,Retreat of glaciers since 1850
4053,Platypus
4054,Josephus
4055,Lottie Dod
4056,Hinduism
4057,J. M. W. Turner
4058,J. S. Fry & Sons
4059,Interpol
4060,Tay Rail Bridge
4061,Common sage
4062,List of countries by system of government
4063,Merrimack River
4064,Pyrite
4065,Tuvalu
4066,Francis Drake
4067,Desert
4068,Voting
4069,Vivien Leigh
4070,Kingman Reef
4071,Bedbug
4072,Iran
4073,Tibet
4074,Nazi Germany
4075,Dorset
4076,House Martin
4077,Arctic Circle
4078,Medal of Honor
4079,Season
4080,Jackanory
4081,Hurricane Philippe (2005)
4082,The Quatermass Experiment
4083,Pompeii
4084,Diamond cut
4085,Paleontology
4086,Marcel Lefebvre
4087,Mozambique
4088,Cyrus K. Holliday
4089,Brass instrument
4090,Wellington
4091,Henry VII of England
4092,Kite (bird)
4093,Flemish dialects
4094,Gilles Villeneuve
4095,Senate of Canada
4096,Southern Ocean
4097,Laurent Fignon
4098,Bath School disaster
4099,Samuel Beckett
4100,Cymbopogon
4101,Jacques Cartier
4102,Computer science
4103,Napster
4104,Darmstadtium
4105,History of the West Indian cricket team
4106,"Frederick II, Holy Roman Emperor"
4107,Sitting Bull
4108,Max Weber
4109,Peak District
4110,Electricity
4111,Gyeongju
4112,Colossus of Rhodes
4113,New England Patriots
4114,Frances Oldham Kelsey
4115,South America
4116,6th century
4117,Helmeted Guineafowl
4118,Frederick Douglass
4119,Hebrew calendar
4120,Pontiac's Rebellion
4121,Nitrogen cycle
4122,Elagabalus
4123,Suffrage
4124,Biofuel
4125,The Fens
4126,Abbasid
4127,Yemen
4128,9th century
4129,Muhammad Ali Jinnah
4130,"George Byron, 6th Baron Byron"
4131,Henipavirus
4132,Hanoi
4133,Mickey Mantle
4134,Sony
4135,Adelaide
4136,Eastern Orthodox Church
4137,Californium
4138,Bontebok
4139,James Buchanan
4140,Hungary
4141,Oil reservoir
4142,Carl Sagan
4143,Whale shark
4144,Qing Dynasty
4145,Orbit (anatomy)
4146,Libya
4147,Plum
4148,Kohlberg's stages of moral development
4149,Camarasaurus
4150,Nelson Mandela
4151,Netherlands Antilles
4152,Amazon Basin
4153,Antarctic Treaty System
4154,Carnivore
4155,Vitamin C
4156,Greater Cane Rat
4157,Wader
4158,Sierra Leone
4159,Wikipedia
4160,4th century
4161,Tin
4162,Iowa class battleship
4163,Invasive species
4164,Gardening
4165,"Hyde Park, London"
4166,African Penguin
4167,Spanish Armada
4168,The Gambia
4169,William Wilberforce
4170,Civilization
4171,Cultivar
4172,Earth's atmosphere
4173,Cataract
4174,Vladimir Lenin
4175,Magellanic Penguin
4176,Temple of Artemis
4177,Politics
4178,Isle of Man
4179,Religion
4180,Politics of the United Kingdom
4181,Hurricane Georges
4182,Mendip Hills
4183,Mercia
4184,Jiaogulan
4185,Saladin
4186,Poor Law
4187,Alpaca
4188,Japanese grammar
4189,South Africa
4190,Sauroposeidon
4191,Mexico City
4192,Oswald of Northumbria
4193,Trinidad and Tobago
4194,Diamond
4195,Effects of global warming
4196,Catherine Cranston
4197,Claude Lévi-Strauss
4198,Chemical element
4199,Antarctica
4200,Halloween
4201,Warsaw
4202,Driving on the left or right
4203,Gabon
4204,Wars of the Roses
4205,Wayne Rooney
4206,The Ashes
4207,PONG
4208,Monarchies in the European Union
4209,Dunstable Downs
4210,Nathu La
4211,James Joyce
4212,Oligarchy
4213,Pollution
4214,Murray River
4215,Isambard Kingdom Brunel
4216,The Cat in the Hat
4217,The Shawshank Redemption
4218,Guinness
4219,Scottish Gaelic language
4220,Zionism
4221,Canterbury Cathedral
4222,Antoine Lavoisier
4223,Juice
4224,Albania
4225,Photovoltaic array
4226,Tank
4227,Mario
4228,Barcelona
4229,Pacific Ocean
4230,Cold War
4231,Diamond simulant
4232,Gmail
4233,Ulawun
4234,AIDS
4235,European Greenfinch
4236,Moore's Law
4237,Nickel
4238,Blaise Pascal
4239,Sodium hydroxide
4240,Thomas Pynchon
4241,Mass Rapid Transit (Singapore)
4242,Lynton and Barnstaple Railway
4243,Lyndon B. Johnson
4244,Battle of Midway
4245,Paris
4246,Babylonia
4247,Machu Picchu
4248,Gold(III) chloride
4249,British Empire
4250,Typhoon Ewiniar (2006)
4251,Moringa oleifera
4252,Peterborough Chronicle
4253,Alamosaurus
4254,Liechtenstein
4255,Promethium
4256,The Canadian
4257,History of Burnside
4258,"Yungay, Peru"
4259,University of Bristol
4260,CS gas
4261,Immanuel Kant
4262,Schatzki ring
4263,Euro
4264,James Watt
4265,Michigan State University
4266,A Tale of a Tub
4267,"Georgetown, Guyana"
4268,Barack Obama
4269,Jonathan Wild
4270,Monkey
4271,Pride and Prejudice
4272,International law
4273,Monoclonius
4274,Dimetrodon
4275,Set
4276,Milton Keynes
4277,Brandon Routh
4278,Saint Helena
4279,Adi Shankara
4280,Swissair Flight 111
4281,William McKinley
4282,Lancia Flaminia
4283,Sun
4284,Kuala Lumpur
4285,Christopher Wren
4286,"Robert Gascoyne-Cecil, 3rd Marquess of Salisbury"
4287,Hurricane Epsilon (2005)
4288,European Union
4289,Aleksandr Pushkin
4290,Chromatic aberration
4291,Bosnia and Herzegovina
4292,Bear
4293,Mediterranean Sea
4294,Therizinosaurus
4295,Watling Street
4296,€2 commemorative coins
4297,Monaco
4298,Rebecca Helferich Clarke
4299,Christopher Columbus
4300,Fennel
4301,James I of England
4302,Chocolate
4303,Wessex
4304,Tunisia
4305,Kiev
4306,James Lovelock
4307,Trafalgar Square
4308,H5N1
4309,Alfred Hitchcock
4310,Holy Roman Empire
4311,Cod
4312,A. E. J. Collins
4313,Enzyme kinetics
4314,Drawing
4315,The Picture of Dorian Gray
4316,Fern
4317,Rotterdam
4318,Royal Marines
4319,Apricot
4320,The Relapse
4321,Anne Frank
4322,Ethics
4323,Ghana
4324,Printmaking
4325,List of vegetable oils
4326,Carbon dioxide
4327,Lovage
4328,Belton House
4329,Henry Rollins
4330,Ivory-billed Woodpecker
4331,Polish-Muscovite War (1605–1618)
4332,Invasion of Grenada
4333,Claude Monet
4334,Pluto
4335,Felice Beato
4336,Vegetation
4337,Johannes Gutenberg
4338,History of South Carolina
4339,"Cleveland, Ohio"
4340,Pigeon
4341,5th century
4342,The Pilgrim's Progress
4343,Chicago and North Western Railway
4344,Dundee United F.C.
4345,Walt Whitman
4346,Diego Velázquez
4347,Minimum wage
4348,Badminton
4349,Talc
4350,Frankfurt
4351,1st century BC
4352,Trimurti
4353,Microsoft Windows
4354,Brian Close
4355,Rutherfordium
4356,Cornell University
4357,List of universities in the United Kingdom
4358,Scelidosaurus
4359,Prague
4360,Sermon on the Mount
4361,Athena
4362,Bangladesh
4363,Heliocentrism
4364,Skiing
4365,Lincoln (automobile)
4366,Hurricane Edouard (1996)
4367,Book of Common Prayer
4368,E. P. Wigner
4369,Rudolf Vrba
4370,Amazon Rainforest
4371,Mongolia
4372,Ho Chi Minh
4373,Robert Schumann
4374,California
4375,Btrieve
4376,Tonga
4377,Federated States of Micronesia
4378,Coconut
4379,1973 oil crisis
4380,Creative Commons
4381,Electron beam welding
4382,Tamil people
4383,Privy Council of the United Kingdom
4384,Rwanda
4385,Soil structure
4386,Spacecraft propulsion
4387,Tooth enamel
4388,Tropical Storm Chris (2006)
4389,Danny Deever
4390,Human rights
4391,Slovenia
4392,Phonograph cylinder
4393,Japan
4394,Chaffinch
4395,Island Fox
4396,Hydrogen
4397,Camel
4398,John Henninger Reagan
4399,Wrench
4400,General Pershing Zephyr
4401,Southern Africa
4402,Gothenburg
4403,Railway post office
4404,Hippopotamus
4405,Photosynthetic reaction centre
4406,Freetown
4407,Dead Sea
4408,Clifton Suspension Bridge
4409,The Temptations
4410,Great Barrier Reef
4411,Isaac Newton
4412,Stockholm
4413,Benito Mussolini
4414,Cerebellum
4415,Elizabeth Fry
4416,Glorious Revolution
4417,Sustainable forestry
4418,List of essential oils
4419,Tuatara
4420,Tropical Storm Lee (2005)
4421,Manifold
4422,Singapore
4423,Soil profile
4424,Andrew Gonzalez
4425,Hawk
4426,Ascariasis
4427,Wave–particle duality
4428,Picts
4429,Imperial Japanese Navy
4430,Domesday Book
4431,Ben Nevis
4432,Golden Eagle
4433,Wikipedia Text of the GNU Free Documentation License
4434,Tycho Brahe
4435,Tajikistan
4436,Franks
4437,Human dignity
4438,Quantum computer
4439,Bioinformatics
4440,Mongoose
4441,Mother Teresa
4442,European Goldfinch
4443,Neutron
4444,Humanities
4445,Expressionism
4446,Australian Ringneck
4447,Lawn
4448,Voltaire
4449,Andes
4450,David Hilbert
4451,Shark
4452,Limerick
4453,History of saffron
4454,Castra
4455,Alternative rock
4456,West Virginia
4457,Abuja
4458,John Marshall
4459,Periodic table (large version)
4460,Bottlenose Dolphin
4461,Tokyo
4462,Hassium
4463,2003 Atlantic hurricane season
4464,RER
4465,Fermi paradox
4466,Tropical Storm Franklin (2005)
4467,Vitus Bering
4468,Pete Sampras
4469,Rail transport in India
4470,Keira Knightley
4471,Fruit
4472,Elephant bird
4473,Ankylosaurus
4474,Casablanca (film)
4475,Tropical Storm Danielle (1992)
4476,Hepatocellular carcinoma
4477,Soils retrogression and degradation
4478,Sponsorship Directdebit
4479,Goose
4480,Jersey
4481,Shoshone National Forest
4482,Brazil
4483,London
4484,16th century
4485,Fire
4486,Martin Van Buren
4487,U2
4488,Glasgow
4489,Black Robin
4490,Vinaya
4491,Chernobyl disaster
4492,Shoe polish
4493,Long-billed Vulture
4494,Scientific classification
4495,Park
4496,Antlion
4497,Scottish mythology
4498,Richard O'Connor
4499,Hurricane Alex (2004)
4500,Palazzo Pitti
4501,Three Mile Island accident
4502,"Amarillo, Texas"
4503,France
4504,Colima (volcano)
4505,Laurence Olivier
4506,Medieval literature
4507,Armia Krajowa
4508,Julius and Ethel Rosenberg
4509,Reggaeton
4510,1928 Okeechobee Hurricane
4511,Ezra Pound
4512,Mount Vesuvius
4513,Sub-Saharan Africa
4514,Colombo
4515,Latin alphabet
4516,Michael Ramsey
4517,Radio
4518,Autism
4519,Henry V of England
4520,Pond
4521,Anguilla
4522,Archaeoastronomy
4523,Lyon
4524,Sputnik 2
4525,Nagorno-Karabakh War
4526,1980 eruption of Mount St. Helens
4527,Nutrition
4528,Body mass index
4529,BT Tower
4530,Turkish literature
4531,Velociraptor
4532,Gliese 876 b
4533,Bruce Lee
4534,Storm of October 1804
4535,Zhang Qian
4536,Weapon
4537,Grease (film)
4538,Jane Eyre
4539,First Council of Nicaea
4540,Alexander Hamilton
4541,Rubidium
4542,Ghost Dance
4543,Canola
4544,Anne of Great Britain
4545,Yenisei River
4546,Pachycephalosaurus
4547,Draughts
4548,Morecambe Bay
4549,Acts of Union 1707
4550,Geography of Africa
4551,Buddhist art
4552,Americium
4553,Windows XP
4554,Gregor Mendel
4555,Smallpox
4556,Animal law
4557,Bissau
4558,George Fox
4559,Darling River
4560,Guitar
4561,Addis Ababa
4562,William Hogarth
4563,Sesame
4564,Carl G. Fisher
4565,Marjoram
4566,Henry James
4567,Sarajevo
4568,Python (programming language)
4569,Thucydides
4570,Ununhexium
4571,Marcel Proust
4572,Muhammad
4573,Portsmouth
4574,Food
4575,Dad's Army
4576,Shinto
4577,Axe
4578,Common Pheasant
4579,Behavioral finance
4580,Cape Canaveral
4581,Bushpig
4582,Khudai Khidmatgar
4583,Watchmen
4584,Marshall Islands
4585,Soil science
4586,Internet Explorer
4587,F-4 Phantom II
4588,DVD
4589,House Sparrow
4590,Pi
4591,Kargil War
4592,Peter Grimes
4593,HD 217107 b
4594,Mbabane
4595,International human rights instruments
4596,Nairobi
4597,Albrecht Dürer
4598,Citrus
4599,New moon
4600,Silver
4601,Ormulum
4602,Óengus I of the Picts
4603,Granite
